,Reaction Products,Counts,Frequency [%]
0,n+n+n+p+p+He4+He4,12620,12.620000000000001
1,n+n+p+D2+He4+He4,5770,5.7700000000000005
2,n+p+B11,5321,5.321
3,,4652,4.652
4,n+n+C11,3991,3.991
5,pi-+n+n+p+p+p+He4+He4,2702,2.702
6,n+n+n+n+p+p+p+D2+He4,2386,2.386
7,n+n+p+B10,2235,2.235
8,n+n+p+He4+Li6,2074,2.0740000000000003
9,n+He4+He4+He4,2043,2.043
10,n+p+He4+Li7,1867,1.867
11,n+n+n+p+p+He4+He4+C12,1613,1.6129999999999998
12,n+n+n+p+p+D2+D2+He4,1471,1.471
13,pi-+n+p+C11,1452,1.452
14,n+n+n+p+p+p+T3+He4,1342,1.3419999999999999
15,n+n+He4+Be7,1201,1.201
16,n+p+T3+He4+He4,1080,1.08
17,n+p,1061,1.061
18,n+n+n+p+p+p+He4+He4,1048,1.048
19,n+n+n+n+p+p+He3+He4,1007,1.0070000000000001
20,n+n+He3+He4+He4,993,0.993
21,n+n+n+n+n+p+p+p+p+He4,851,0.851
22,n+n+p+p+D2+T3+He4,827,0.827
23,pi-+n+p+p+D2+He4+He4,809,0.8089999999999999
24,n+p+p+Be10,789,0.7889999999999999
25,n+n+n+p+D2+He3+He4,750,0.75
26,n+n+p+D2+He4+He4+C12,725,0.7250000000000001
27,n+n+p+p+Be9,676,0.676
28,C12,630,0.63
29,n+p+B11+C12,618,0.618
30,pi++n+n+n+n+p+He4+He4,615,0.615
31,n+n+p+p+D2+He4+He4,562,0.562
32,n+p+p+B11,544,0.544
33,pi++n+n,520,0.52
34,n+C12,515,0.515
35,pi-+p+p,501,0.501
36,n+n+C11+C12,498,0.498
37,pi-+n+p+p+B10,480,0.48
38,n+n+n+p+p+p+Li7,474,0.47400000000000003
39,pi-+n+p+p+He4+Li6,425,0.42500000000000004
40,p,418,0.418
41,n+p+He4+He4+He4,373,0.373
42,pi-+n+p+He4+Be7,349,0.349
43,pi-+n+n+p+p+p+He4+He4+C12,334,0.334
44,n+n+p+C11,332,0.332
45,n+n+n+C10,329,0.329
46,pi++n+n+B11,311,0.311
47,pi-+p+He4+He4+He4,301,0.301
48,n+p+C12,294,0.294
49,pi-+n+n+p+C10,287,0.28700000000000003
50,n+n+n+n+p+p+p+D2+He4+C12,286,0.28600000000000003
51,n+n+p+B10+C12,283,0.28300000000000003
52,pi-+n+p+He3+He4+He4,280,0.27999999999999997
53,pi-+p+p+B11,280,0.27999999999999997
54,pi-+n+n+n+p+p+p+p+D2+He4,274,0.27399999999999997
55,n+p+Mg26,273,0.27299999999999996
56,n+n+p+p+D2+Li7,261,0.261
57,pi-+n+n+n+p+p+p+He3+He4,260,0.26
58,p+C12,259,0.259
59,n+n+p+He4+Li6+C12,258,0.258
60,n+He4+He4+He4+C12,253,0.253
61,n+n+Al26,250,0.25
62,n+n+p+Mg25,233,0.233
63,n+p+He4+Li7+C12,232,0.232
64,n+n+n+p+p+p+He4+He4+C12,232,0.232
65,pi-+n+N12,229,0.22899999999999998
66,n+n+n+n+p+p+Be7,221,0.22100000000000003
67,n+n+n+p+p+He4+He4+C12+C12,205,0.20500000000000002
68,C12+C12,204,0.20400000000000001
69,pi++n+n+p+Be10,204,0.20400000000000001
70,n+n+n+p+p+D2+D2+He4+C12,200,0.2
71,pi-+n+p+C11+C12,194,0.194
72,n+p+p+He4+Li7,187,0.187
73,n+n+p+p+B10,180,0.18
74,pi-+n+n+p+p+D2+He3+He4,177,0.17700000000000002
75,p+p,176,0.17600000000000002
76,n+n+p+D2+D2+D2+He4,173,0.173
77,n+n+n+n+p+p+p+p+D2+T3,172,0.172
78,n+n+p+p+He4+Li6,170,0.16999999999999998
79,n+n+p+p+p+Li8,170,0.16999999999999998
80,n+n+n+p+D2+Be7,165,0.165
81,n+n+n+p+p+p+T3+He4+C12,163,0.163
82,pi-+n+n+p+p+p+D2+D2+He4,157,0.157
83,n+n+p+T3+He3+He4,157,0.157
84,pi-+n+n+n+p+C9,152,0.152
85,n+n+n+n+p+p+p+p+D2+He4,147,0.147
86,n+n+He4+Be7+C12,146,0.146
87,n+n+n+p+p+D2+Li6,144,0.14400000000000002
88,n+p+T3+He4+He4+C12,142,0.14200000000000002
89,n+p+p+B11+C12,141,0.14100000000000001
90,pi++n+n+n+D2+He4+He4,134,0.134
91,pi-+n+n+n+p+p+p+Be7,134,0.134
92,n+n+n+p+Mg24,127,0.127
93,n+p+p+T3+He4+He4,125,0.125
94,n+n+p+p+D2+He4+He4+C12,123,0.123
95,n+n+n+p+p+Na23,122,0.122
96,n+n+n+n+C9,120,0.12
97,n+n+n+n+p+p+p+Li6,119,0.11900000000000001
98,pi-+n+n+p+p+p+p+T3+He4,119,0.11900000000000001
99,n+n+n+n+n+p+p+p+D2+He3,118,0.11800000000000001
100,n+n+n+p+p+D2+T3+He3,118,0.11800000000000001
101,n+n+n+n+p+p+He3+He4+C12,116,0.116
102,n+n+He3+He4+He4+C12,116,0.116
103,n+n+n+n+p+p+p+T3+He3,115,0.11499999999999999
104,n+n+n+p+p+p+D2+D2+He4,115,0.11499999999999999
105,pi-+p+C12,113,0.11299999999999999
106,p+p+p,113,0.11299999999999999
107,n+p+He4+He4+He4+C12,110,0.11
108,n+n+p+p+D2+T3+He4+C12,110,0.11
109,pi-+n+n+n+n+p+p+p+p+p+He4,110,0.11
110,pi-+n+p+p+D2+He4+He4+C12,108,0.108
111,pi-+n+n+p+p+p+p+He4+He4,106,0.106
112,n+D2+D2+He4+He4,105,0.105
113,n+n+n+n+n+p+p+p+p+He4+C12,102,0.10200000000000001
114,pi++n+n+n+n+p+p+T3+He4,101,0.101
115,n+n+p+He4+Be7,97,0.097
116,n+n+C12,95,0.095
117,n+n+n+p+p+p+p+T3+He4,91,0.091
118,n+n+p+p+Be9+C12,90,0.09
119,pi-+n+n+N11,89,0.089
120,pi-+p+p+He4+Li7,88,0.08800000000000001
121,p+p+p+C12,88,0.08800000000000001
122,n+p+p+T3+T3+He4,87,0.087
123,p+p+C12,87,0.087
124,n+n+n+p+p+p+D2+D2+T3,86,0.086
125,n+n+n+p+D2+He3+He4+C12,86,0.086
126,n+n+p+C11+C12,85,0.08499999999999999
127,pi++n+n+n+B10,85,0.08499999999999999
128,n+n+n+n+p+p+D2+D2+He3,84,0.084
129,n+n+n+p+He3+Li6,84,0.084
130,n+n+p+D2+He4+He4+C12+C12,83,0.083
131,pi-+n+p+p+p+Be9,82,0.082
132,p+C12+C12,81,0.08099999999999999
133,pi-+n+p+Al26,80,0.08
134,n+n+p+B11,79,0.079
135,n+n+n+p+p+p+p+He4+He4,79,0.079
136,pi++n+n+He4+Li7,79,0.079
137,n+p+p+Be10+C12,78,0.078
138,pi++n+n+n+p+Be9,78,0.078
139,n+p+B11+C12+C12,77,0.077
140,n+n+n+n+p+p+Na22,76,0.076
141,n+n+n+p+p+p+p+T3+T3,75,0.075
142,n+D2+He4+Li6,75,0.075
143,p+p+p+p,74,0.074
144,pi++n+n+n+n+p+He4+He4+C12,73,0.073
145,pi-+p+p+C12,72,0.07200000000000001
146,n+n+n+n+n+p+p+p+p+p+T3,71,0.07100000000000001
147,n+n+n+n+n+p+p+He3+He3,70,0.06999999999999999
148,n+p+p+He4+He6,70,0.06999999999999999
149,n+n+p+He3+He4+He4,69,0.06899999999999999
150,n+C12+C12,68,0.068
151,n+n+p+p+p+D2+T3+He4,68,0.068
152,pi++n+n+n+n+n+p+p+D2+He4,68,0.068
153,n+n+p+p+Na24,67,0.067
154,n+p+p+C12,67,0.067
155,n+n+n+p+p+p+Li7+C12,65,0.065
156,n+n+n+n+p+p+p+He3+He4,64,0.064
157,n+p+D2+D2+T3+He4,64,0.064
158,n+n+n+n+n+p+p+p+p+D2+D2,64,0.064
159,n+p+p+He4+He4+He4,63,0.063
160,n+n+p+p+T3+Li6,63,0.063
161,pi++n+n+C12,62,0.062
162,n+n+p+p+p+Be9,62,0.062
163,pi-+n+n+p+p+p+p+Li7,62,0.062
164,pi++n+n+n+He4+Li6,62,0.062
165,n+p+C12+C12,61,0.061
166,pi++n+n+n+n+p+p+Li7,59,0.059000000000000004
167,pi++n+n+n+p+p+Li8,59,0.059000000000000004
168,n+n+n+p+p+He4+He4+Al27,59,0.059000000000000004
169,n+p+p+p+Be10,58,0.058
170,pi++n+n+T3+He4+He4,57,0.056999999999999995
171,pi-+n+p+p+B10+C12,57,0.056999999999999995
172,n+n+He4+He4+He4,56,0.055999999999999994
173,pi-+n+p+He4+Be7+C12,56,0.055999999999999994
174,pi++n+n+n+p+D2+T3+He4,56,0.055999999999999994
175,n+n+C11+C12+C12,56,0.055999999999999994
176,n+n+n+p+p+D2+He3+He4,55,0.055
177,pi-+n+p+p+He4+Li6+C12,53,0.053
178,pi-+p+p+T3+He4+He4,53,0.053
179,n+n+p+p+B10+C12,53,0.053
180,pi-+n+p+p+p+D2+T3+He4,52,0.052
181,n+p+D2+Be9,52,0.052
182,n+n+p+p+He4+Li6+C12,51,0.051000000000000004
183,pi++n+n+B11+C12,51,0.051000000000000004
184,n+p+p+T3+Li7,50,0.05
185,pi-+n+n+p+p+D2+Be7,49,0.049
186,n+n+n+He3+He3+He4,48,0.048
187,p+p+p+p+p+C12,48,0.048
188,pi-+n+p+p+C11,48,0.048
189,n+p+p+He4+Li7+C12,48,0.048
190,n+n+n+n+p+p+He4+He4,48,0.048
191,n+n+p+p+p+D2+T3+T3,47,0.047
192,n+n+n+He3+Be7,47,0.047
193,pi-+p+He4+He4+He4+C12,46,0.046
194,n+n+n+n+n+n+p+p+p+p+He3,46,0.046
195,n+p+B12,46,0.046
196,pi-+n+n+n+p+p+p+p+D2+He4+C12,45,0.045
197,n+p+p+p+B11,44,0.044000000000000004
198,n+p+p,44,0.044000000000000004
199,n+n+p+p+p+p+He7,44,0.044000000000000004
200,n+n+n+p+p+p+He4+He4+C12+C12,44,0.044000000000000004
201,p+p+p+p+C12,43,0.043
202,pi-+n+C12+N12,43,0.043
203,n+n+n+n+p+D2+He3+He3,42,0.042
204,pi-+n+n+n+p+p+p+He3+He4+C12,42,0.042
205,n+Al27,42,0.042
206,n+p+p+T3+He4+He4+C12,42,0.042
207,n+n+n+He4+Be6,42,0.042
208,p+B12,41,0.041
209,pi++n+n+n+n+p+D2+D2+He4,40,0.04
210,n+n+n+n+n+n+p+p+p+p+p+D2,40,0.04
211,n+n+p+p+p+D2+He4+He4,39,0.039
212,n+n+n+C10+C12,39,0.039
213,n+n+n+p+p+p+p+Li7,39,0.039
214,n+n+p+He4+Li6+C12+C12,38,0.038
215,n+He4+He4+He4+C12+C12,38,0.038
216,n+n+n+n+n+p+p+p+p+p+He4,37,0.037
217,n+n+C12+Al26,37,0.037
218,p+He6+Li6,36,0.036000000000000004
219,n+n+p+B10+C12+C12,36,0.036000000000000004
220,pi-+n+n+p+p+p+He4+He4+C12+C12,36,0.036000000000000004
221,pi-+n+n+p+p+Mg24,35,0.034999999999999996
222,n+n+n+p+p+p+D2+D2+He4+C12,35,0.034999999999999996
223,n+n+n+p+p+p+p+He6,35,0.034999999999999996
224,p+D2+He4+He6,34,0.034
225,n+p+C12+Mg26,34,0.034
226,n+n+D2+D2+He3+He4,34,0.034
227,n+n+n+n+n+p+B7,34,0.034
228,pi-+n+n+p+He3+Be7,34,0.034
229,n+n+p+C12+Mg25,34,0.034
230,p+p+p+p+p,34,0.034
231,n+n+n+p+D2+He4+He4,34,0.034
232,n+n+n+p+He4+Ne20,33,0.033
233,p+p+p+C12+C12,33,0.033
234,pi-+n+p+He3+He4+He4+C12,33,0.033
235,n+n+p+p+p+D2+He6,33,0.033
236,pi++n+n+n+n+n+n+p+p+p+He4,33,0.033
237,n+p+He4+He4+He4+C12+C12,32,0.032
238,p+p+C12+C12,32,0.032
239,pi-+n+p+p+p+D2+He4+He4,32,0.032
240,pi-+p+p+B11+C12,32,0.032
241,n+n+n+n+n+p+p+Be6,31,0.031
242,p+p+p+p+C12+C12,31,0.031
243,pi-+n+Li6+Be6,31,0.031
244,n+p+p+p+Li9,31,0.031
245,n+n+n+n+p+p+p+D2+He4+C12+C12,31,0.031
246,pi-+n+n+n+p+p+p+p+Li6,30,0.03
247,n+p+He4+Li7+C12+C12,30,0.03
248,n+p+p+p+D2+He7,29,0.029
249,n+p+p+C12+C12,29,0.029
250,n+p+p+He4+He4+He4+C12,29,0.029
251,n+n+n+n+p+p+p+Ne21,29,0.029
252,n+n+p+Al26,29,0.029
253,n+D2+B10,28,0.027999999999999997
254,pi-+p+p+p+Be10,28,0.027999999999999997
255,C12+C12+C12,28,0.027999999999999997
256,n+p+p+B11+C12+C12,28,0.027999999999999997
257,pi-+n+p+p+Mg25,28,0.027999999999999997
258,n+n+n+n+p+D2+Be6,28,0.027999999999999997
259,pi-+n+n+p+C10+C12,28,0.027999999999999997
260,pi-+n+n+p+He3+He3+He4,27,0.027
261,n+n+n+n+p+p+p+p+D2+He4+C12,27,0.027
262,pi++n+n+n+n+p+p+He4+He4,27,0.027
263,n+p+p+Mg26,27,0.027
264,p+He4+Li8,27,0.027
265,n+n+p+p+D2+Li7+C12,27,0.027
266,pi++n+n+p+p+Li9,27,0.027
267,n+n+p+D2+D2+Li6,26,0.026
268,n+n+n+n+p+p+p+D2+D2+D2,26,0.026
269,pi-+n+n+p+p+p+p+He4+He4+C12,26,0.026
270,n+p+p+p+B11+C12,26,0.026
271,n+n+p+p+Mg25,26,0.026
272,pi-+n+p+C12,26,0.026
273,n+n+n+p+p+D2+D2+He4+C12+C12,26,0.026
274,pi-+n+n+n+n+p+C8,26,0.026
275,n+n+p+p+p+H4+He4,26,0.026
276,n+n+p+He3+He4+He4+C12,25,0.025
277,n+n+n+n+n+n+n+p+p+p+p+p+p,25,0.025
278,n+n+p+D2+D2+D2+He4+C12,25,0.025
279,n+n+n+p+p+D2+Li6+C12,25,0.025
280,n+n+n+p+p+He4+He4+C12+C12+C12,25,0.025
281,n+n+p+He3+Li7,25,0.025
282,n+n+n+p+C12+Mg24,25,0.025
283,n+n+n+p+p+p+p+T3+He4+C12,24,0.024
284,n+n+p+D2+He4+He4+Al27,24,0.024
285,Al27,23,0.023
286,pi-+n+n+p+p+p+Na23,23,0.023
287,n+n+n+p+p+D2+Ne21,23,0.023
288,pi++n+n+p+Be10+C12,23,0.023
289,n+n+n+p+p+p+p+D2+H4,22,0.022000000000000002
290,n+n+n+Al25,22,0.022000000000000002
291,n+n+p+p+T3+T3+He3,22,0.022000000000000002
292,n+n+He4+Be7+C12+C12,22,0.022000000000000002
293,pi-+n+p+C11+C12+C12,22,0.022000000000000002
294,pi-+n+n+p+He4+Be6,22,0.022000000000000002
295,pi++n+n+n+n+n+p+He3+He4,22,0.022000000000000002
296,pi-+n+n+p+p+p+D2+Li6,22,0.022000000000000002
297,pi-+n+p+He4+He4+He4,22,0.022000000000000002
298,n+p+p+p+Be10+C12,22,0.022000000000000002
299,n+n+p+p+p+p+T3+H4,22,0.022000000000000002
300,n+n+p+T3+He4+He4,22,0.022000000000000002
301,pi-+n+n+n+N10,21,0.021
302,pi-+n+n+n+p+p+p+Na22,21,0.021
303,p+D2+B11,21,0.021
304,n+p+p+Na25,21,0.021
305,n+n+n+p+C10,21,0.021
306,pi-+n+n+n+n+p+p+B7,21,0.021
307,n+n+p+p+p+D2+Li7,20,0.02
308,p+p+p+C12+C12+C12,20,0.02
309,n+p+p+p+He4+Li7,20,0.02
310,pi-+n+p+p+T3+He3+He4,20,0.02
311,n+n+p+C11+C12+C12,20,0.02
312,pi-+n+p+p+p+D2+Li7,20,0.02
313,pi-+n+n+p+p+D2+He3+He4+C12,20,0.02
314,n+n+n+n+p+p+p+He3+He4+C12,20,0.02
315,pi-+n+n+n+p+C9+C12,20,0.02
316,n+n+n+n+p+p+Be7+C12,20,0.02
317,pi-+n+p+p+C11+C12,20,0.02
318,n+n+p+He4+Ne21,20,0.02
319,n+n+p+T3+He3+He4+C12,20,0.02
320,n+n+C11+Al27,20,0.02
321,n+n+p+p+C11,19,0.019
322,pi-+n+p+p+p+B10,19,0.019
323,n+n+n+n+C9+C12,19,0.019
324,n+n+p+He4+Li7,19,0.019
325,pi-+n+n+p+p+p+D2+D2+He4+C12,19,0.019
326,n+n+p+p+Be9+C12+C12,19,0.019
327,n+n+n+p+p+Mg24,19,0.019
328,pi-+n+n+n+p+p+p+He4+He4,19,0.019
329,n+n+n+n+p+p+He4+F18,18,0.018000000000000002
330,n+n+n+p+p+p+Ne22,18,0.018000000000000002
331,pi-+n+n+n+n+p+p+p+p+D2+He3,18,0.018000000000000002
332,pi-+n+p+p+D2+D2+D2+He4,18,0.018000000000000002
333,n+n+p+He4+Be7+C12,18,0.018000000000000002
334,n+n+n+p+p+He4+He4+N15,18,0.018000000000000002
335,p+p+p+Li10,18,0.018000000000000002
336,pi-+p+C12+C12,18,0.018000000000000002
337,n+n+n+p+p+D2+T3+He3+C12,18,0.018000000000000002
338,n+n+n+p+D2+Be7+C12,17,0.017
339,pi++n+n+n+n+p+Na23,17,0.017
340,n+n+p+p+T3+He3+He4,17,0.017
341,n+n+n+n+p+p+p+p+D2+T3+C12,17,0.017
342,pi++n+n+n+n+p+p+T3+He4+C12,17,0.017
343,n+n+p+p+p+D2+T3+He4+C12,17,0.017
344,n+n+n+n+D2+B7,17,0.017
345,n+n+p+p+Be10,17,0.017
346,n+p+D2+D2+He4+He4,17,0.017
347,n+n+n+p+T3+He3+He3,17,0.017
348,n+p+Al27,17,0.017
349,n+p+p+He4+Li7+C12+C12,17,0.017
350,pi++n+p+p+Li10,17,0.017
351,n+n+p+T3+Be7,17,0.017
352,pi++n+B12,17,0.017
353,pi-+n+n+p+p+He3+Li6,17,0.017
354,pi++n+n+p,17,0.017
355,pi++n+n+n+p+D2+Li7,17,0.017
356,n+p+C12+C12+C12,16,0.016
357,n+n+n+p+p+p+T3+He4+C12+C12,16,0.016
358,n+n+n+n+n+p+p+p+p+He4+C12+C12,16,0.016
359,p+p+p+p+p+C12+C12,16,0.016
360,pi-+n+n+n+p+p+D2+Be6,16,0.016
361,pi-+n+n+n+p+p+p+Be7+C12,16,0.016
362,n+n+n+n+p+p+He3+He4+C12+C12,16,0.016
363,n+n+p+p+D2+He4+He4+C12+C12,16,0.016
364,n+n+n+p+p+p+p+He4+He4+C12,16,0.016
365,pi-+n+n+p+p+p+p+T3+He4+C12,16,0.016
366,n+n+p+p+p+Be9+C12,16,0.016
367,n+D2+D2+He4+He4+C12,16,0.016
368,n+p+D2+He4+Li6,15,0.015
369,n+p+p+p+p+He8,15,0.015
370,pi-+n+n+p+p+C10,15,0.015
371,n+n+n+n+p+p+p+T3+He3+C12,15,0.015
372,n+n+n+n+p+p+p+Be7,15,0.015
373,n+n+n+n+n+C8,15,0.015
374,n+n+n+p+He4+He4+O16,15,0.015
375,n+n+n+p+p+C12+Na23,15,0.015
376,n+n+He3+He4+He4+C12+C12,15,0.015
377,pi-+n+n+n+p+D2+B7,15,0.015
378,n+p+p+p+He4+He4+He4,15,0.015
379,n+n+n+n+n+p+p+p+p+p+He4+C12,15,0.015
380,pi-+p+p+He4+He4+He4,15,0.015
381,n+n+n+p+He4+Li6,15,0.015
382,pi-+n+n+n+n+p+p+p+p+p+He4+C12,15,0.015
383,pi-+p+p+p+B11,15,0.015
384,n+p+T3+He4+He4+C12+C12,15,0.015
385,n+n+n+p+p+He4+He4+C13,15,0.015
386,n+n+n+n+p+p+p+D2+He4+Al27,15,0.015
387,n+n+n+n+p+p+p+Li6+C12,15,0.015
388,n+n+p+p+D2+T3+He4+C12+C12,15,0.015
389,p+p+p+p+p+p+C12,15,0.015
390,n+n+p+C12,14,0.013999999999999999
391,pi-+p+p+p,14,0.013999999999999999
392,pi-+n+n+p+Al25,14,0.013999999999999999
393,n+n+p+D2+D2+T3+He3,14,0.013999999999999999
394,pi-+n+p+p+p+Be9+C12,14,0.013999999999999999
395,n+n+n+p+He4+He4+He4+C12,14,0.013999999999999999
396,pi++n+n+Mg26,14,0.013999999999999999
397,p+p+p+p+p+p,14,0.013999999999999999
398,n+p+p+D2+Li8,14,0.013999999999999999
399,pi++n+n+n+D2+He4+He4+C12,14,0.013999999999999999
400,n+n+n+n+n+p+p+p+Ne20,13,0.013
401,pi-+p+D2+D2+He4+He4,13,0.013
402,n+n+n+p+p+He4+He4+C12+Al27,13,0.013
403,pi++n+n+n+n+n+p+p+p+D2+T3,13,0.013
404,n+n+n+n+p+p+p+p+p+D2+He4,13,0.013
405,pi++n+n+p+p+p+He8,13,0.013
406,pi-+n+p+p+He4+Be7,13,0.013
407,n+n+p+p+p+Li8+C12,13,0.013
408,n+n+n+p+D2+Na22,13,0.013
409,n+p+B11+Al27,13,0.013
410,n+n+n+p+p+p+D2+T3+He3,13,0.013
411,pi-+p+p+Mg26,13,0.013
412,n+n+n+p+p+D2+Be7,13,0.013
413,n+p+p+p+He4+Li7+C12,13,0.013
414,n+n+p+p+He4+Li6+C12+C12,13,0.013
415,pi-+n+p+p+p+He4+Li6,13,0.013
416,pi-+n+n+n+p+p+D2+He3+He3,13,0.013
417,n+n+He4+Na22,13,0.013
418,p+C12+C12+C12,13,0.013
419,p+p+He6+Li6,12,0.012
420,n+p+p+p+T3+He6,12,0.012
421,n+n+p+D2+Na23,12,0.012
422,pi-+n+n+p+p+D2+Be7+C12,12,0.012
423,pi-+n+n+p+p+p+D2+T3+He3,12,0.012
424,p+D2+B11+C12,12,0.012
425,pi-+n+p+p+He3+He4+He4,12,0.012
426,n+n+n+n+n+n+p+p+p+p+p+D2+C12,12,0.012
427,n+p+p+Be10+C12+C12,12,0.012
428,n+p+He4+He4+He4+C12+C12+C12,12,0.012
429,n+n+p+p+p+p+Li8,12,0.012
430,n+n+n+p+p+p+p+T3+T3+C12,12,0.012
431,pi-+n+n+n+n+p+p+p+Be6,12,0.012
432,n+n+p+p+p+B10,12,0.012
433,n+n+p+B11+C12,12,0.012
434,n+n+p+p+D2+D2+D2+He4,12,0.012
435,n+p+p+He4+He6+C12,12,0.012
436,pi-+n+n+n+n+p+p+p+He3+He3,11,0.011000000000000001
437,n+p+p+p+T3+He4+He4,11,0.011000000000000001
438,n+n+C12+C12,11,0.011000000000000001
439,pi++n+n+n+B10+C12,11,0.011000000000000001
440,n+n+n+n+p+p+He4+He4+C12,11,0.011000000000000001
441,n+n+n+n+n+p+p+p+He4+He4+He4+He4+He4,11,0.011000000000000001
442,n+n+n+n+p+p+p+p+Li6,11,0.011000000000000001
443,n+n+p+p+C12+Na24,11,0.011000000000000001
444,pi-+n+p+D2+D2+He3+He4,11,0.011000000000000001
445,pi-+n+n+n+p+p+p+p+T3+He3,11,0.011000000000000001
446,n+n+n+n+p+p+p+p+p+D2+T3,11,0.011000000000000001
447,n+n+n+n+n+p+p+p+He4+He4+C12,11,0.011000000000000001
448,n+n+n+p+B10,11,0.011000000000000001
449,n+p+D2+D2+T3+He4+C12,11,0.011000000000000001
450,n+n+n+p+p+D2+He3+He4+C12,11,0.011000000000000001
451,pi++n+He6+Li6,11,0.011000000000000001
452,n+n+n+C11,11,0.011000000000000001
453,n+n+n+n+n+p+p+p+D2+He3+C12,11,0.011000000000000001
454,n+p+p+D2+H4+He4,11,0.011000000000000001
455,pi++n+n+n+n+n+p+p+D2+He4+C12,11,0.011000000000000001
456,n+p+p+p+C12+C12,10,0.01
457,C12+Al27,10,0.01
458,n+n+n+n+p+p+D2+D2+He4,10,0.01
459,n+n+n+p+D2+D2+D2+He3,10,0.01
460,n+n+He4+He4+He4+C12,10,0.01
461,p+p+p+p+p+p+p+C12,10,0.01
462,n+D2+He4+Li6+C12,10,0.01
463,n+p+p+T3+T3+He4+C12,10,0.01
464,pi-+n+n+p+p+p+He4+He4+Al27,10,0.01
465,pi-+n+n+n+p+p+p+p+p+D2+T3,10,0.01
466,n+p+p+He4+He4+He4+C12+C12,10,0.01
467,pi-+n+n+n+p+p+p+D2+D2+He3,10,0.01
468,pi++n+n+n+p+Na24,10,0.01
469,n+n+n+n+p+p+D2+D2+He3+C12,10,0.01
470,n+p+D2+D2+Li7,10,0.01
471,pi++n+n+n+n+p+He4+He4+C12+C12,10,0.01
472,n+p+p+p+C12,10,0.01
473,n+n+n+p+T3+Be6,10,0.01
474,n+p+p+T3+He4+He4+C12+C12,10,0.01
475,n+n+n+n+n+p+p+p+p+D2+He3,10,0.01
476,p+p+p+p+p+p+C12+C12,10,0.01
477,n+n+p+p+p+D2+He4+He4+C12,10,0.01
478,p+p+He4+He7,10,0.01
479,n+n+n+p+p+He4+F19,10,0.01
480,pi++n+n+n+n+p+p+p+He6,10,0.01
481,pi++n+n+n+p+p+p+He7,10,0.01
482,p+p+He4+Li8,10,0.01
483,n+He4+He4+He4+Al27,10,0.01
484,n+n+n+p+p+p+H4+He3,9,0.009000000000000001
485,n+n+D2+Mg24,9,0.009000000000000001
486,n+n+p+p+p+p+He7+C12,9,0.009000000000000001
487,n+n+n+p+He3+Li6+C12,9,0.009000000000000001
488,pi-+n+p+p+He3+Li7,9,0.009000000000000001
489,n+n+n+p+p+p+Na23,9,0.009000000000000001
490,p+p+p+p+C12+C12+C12,9,0.009000000000000001
491,n+p+p+p+C12+C12+C12,9,0.009000000000000001
492,n+p+p+p+T3+T3+He4,9,0.009000000000000001
493,pi++n+n+n+p+p+D2+He6,9,0.009000000000000001
494,n+n+p+p+C11+C12,9,0.009000000000000001
495,n+n+n+C10+C12+C12,9,0.009000000000000001
496,n+C12+C12+C12,9,0.009000000000000001
497,n+p+He4+He4+He4+Al27,9,0.009000000000000001
498,p+p+p+p+p+C12+C12+C12,9,0.009000000000000001
499,n+n+n+n+n+p+p+D2+Li4,9,0.009000000000000001
500,pi++n+n+n+n+p+p+Li7+C12,9,0.009000000000000001
501,p+He4+Be9,9,0.009000000000000001
502,n+n+p+B10+Al27,9,0.009000000000000001
503,n+n+n+n+p+B8,9,0.009000000000000001
504,n+n+n+n+p+p+p+T3+He4,9,0.009000000000000001
505,p+p+He4+Be9,9,0.009000000000000001
506,n+n+n+p+p+p+He4+He4+Al27,9,0.009000000000000001
507,n+p+D2+Be9+C12,9,0.009000000000000001
508,n+p+p+p+T3+T3+T3,9,0.009000000000000001
509,n+n+n+p+p+p+D2+D2+T3+C12,9,0.009000000000000001
510,n+n+n+p+p+D2+D2+He4+Al27,9,0.009000000000000001
511,pi++n+n+n+p+Be9+C12,9,0.009000000000000001
512,n+p+p+He3+He7,9,0.009000000000000001
513,pi++n+n+n+n+p+p+p+T3+T3,8,0.008
514,n+p+p+C12+C12+C12,8,0.008
515,pi-+n+n+n+p+p+p+p+He3+He4,8,0.008
516,n+p+D2+B10,8,0.008
517,pi-+n+p+p+B11,8,0.008
518,n+p+p+C12+Al27,8,0.008
519,pi-+n+p+N12,8,0.008
520,pi++n+n+p+T3+T3+He4,8,0.008
521,n+n+n+n+n+p+p+p+D2+He4,8,0.008
522,p+p+B12,8,0.008
523,n+n+p+p+He3+He6,8,0.008
524,n+n+n+He3+He3+He4+C12,8,0.008
525,pi-+n+p+C11+Al27,8,0.008
526,n+n+p+B10+C13,8,0.008
527,n+n+n+n+He3+Be6,8,0.008
528,pi++n+He4+Li8,8,0.008
529,pi-+n+p+p+He4+Ne21,8,0.008
530,pi-+pi++n+n+n+p+p+He4+He4,8,0.008
531,pi-+p+p+C12+C12,8,0.008
532,n+n+n+n+p+p+Li6+O16,8,0.008
533,n+n+n+He3+Be7+C12,8,0.008
534,n+n+p+p+T3+Li6+C12,8,0.008
535,n+n+n+n+p+p+p+p+T3+He3,8,0.008
536,pi++n+n+He4+Li7+C12,8,0.008
537,n+n+p+p+p+Ne23,8,0.008
538,n+n+p+p+p+B10+C12,8,0.008
539,n+n+n+n+p+p+C12+Na22,8,0.008
540,pi++n+n+p+B11,8,0.008
541,n+p+B11+C12+C12+C12,7,0.006999999999999999
542,n+n+p+p+p+p+D2+T3+He4,7,0.006999999999999999
543,n+n+n+p+p+p+D2+Li6,7,0.006999999999999999
544,n+n+p+D2+D2+He3+He4,7,0.006999999999999999
545,n+n+n+n+p+p+p+p+p+H4,7,0.006999999999999999
546,pi-+n+Li6+Be6+C12,7,0.006999999999999999
547,pi-+n+n+C12+N11,7,0.006999999999999999
548,n+n+p+p+p+He4+Li6,7,0.006999999999999999
549,p+p+C12+C12+C12,7,0.006999999999999999
550,pi-+n+n+He4+B7,7,0.006999999999999999
551,n+n+n+p+p+p+T3+He4+Al27,7,0.006999999999999999
552,n+n+n+n+p+p+p+He4+O17,7,0.006999999999999999
553,n+p+p+D2+D2+T3+T3,7,0.006999999999999999
554,pi-+n+n+n+p+p+p+p+D2+He4+C12+C12,7,0.006999999999999999
555,pi-+p+p+p+He4+Li7,7,0.006999999999999999
556,n+n+n+p+C10+C12,7,0.006999999999999999
557,pi++n+n+n+n+p+p+Ne22,7,0.006999999999999999
558,n+n+n+p+p+p+C12+Ne22,7,0.006999999999999999
559,p+C12+C12+C12+C12,7,0.006999999999999999
560,n+n+D2+D2+Be7,7,0.006999999999999999
561,n+n+p+D2+He4+He4+C13,7,0.006999999999999999
562,p+D2+He4+Li7+C12,7,0.006999999999999999
563,p+p+Be11,7,0.006999999999999999
564,pi-+p+D2+He4+Li6,7,0.006999999999999999
565,n+n+p+p+p+D2+T3+T3+C12,7,0.006999999999999999
566,n+n+n+p+p+p+Li7+C12+C12,7,0.006999999999999999
567,n+n+n+n+n+p+p+He3+He3+C12,7,0.006999999999999999
568,pi++n+n+n+p+D2+T3+He4+C12,7,0.006999999999999999
569,pi++n+n+p+T3+Li7,7,0.006999999999999999
570,n+n+n+n+p+p+p+p+D2+He4+C12+C12,7,0.006999999999999999
571,pi++n+n+n+He4+Li6+C12,7,0.006999999999999999
572,n+n+p+p+p+He4+Li6+C12,7,0.006999999999999999
573,pi++n+n+n+n+p+p+p+T3+He4,7,0.006999999999999999
574,pi++n+p+Be11,7,0.006999999999999999
575,n+n+p+p+p+D2+D2+H4,7,0.006999999999999999
576,n+n+n+p+p+p+p+D2+D2+T3,7,0.006999999999999999
577,n+n+p+p+p+D2+He6+C12,7,0.006999999999999999
578,n+n+n+n+p+C9,7,0.006999999999999999
579,n+n+p+p+C12+Mg25,7,0.006999999999999999
580,n+n+n+n+p+p+He4+He4+N14,7,0.006999999999999999
581,n+n+n+n+n+n+p+p+p+p+He3+C12,7,0.006999999999999999
582,n+n+n+p+D2+He3+He4+C12+C12,7,0.006999999999999999
583,pi-+n+n+n+n+p+p+p+p+p+D2+D2,7,0.006999999999999999
584,p+p+D2+He4+He6,7,0.006999999999999999
585,p+T3+Be9,7,0.006999999999999999
586,pi-+n+p+p+p+p+Li8,7,0.006999999999999999
587,pi-+n+n+p+p+C10+C12,7,0.006999999999999999
588,n+n+n+p+p+p+p+Li7+C12,7,0.006999999999999999
589,pi-+n+p+p+D2+He4+He4+C12+C12,7,0.006999999999999999
590,n+n+C11+C12+C12+C12,7,0.006999999999999999
591,pi-+n+p+He4+Na22,7,0.006999999999999999
592,n+p+B11+C13,7,0.006999999999999999
593,n+n+n+p+p+p+p+D2+D2+He4+C12,7,0.006999999999999999
594,n+n+n+n+p+p+p+He4+He4,7,0.006999999999999999
595,pi-+n+p+C12+Al26,7,0.006999999999999999
596,pi-+n+p+C12+C12,6,0.006
597,n+n+n+p+p+He3+Li6+C12,6,0.006
598,n+n+n+He4+Be6+C12,6,0.006
599,n+n+p+C12+Al26,6,0.006
600,n+n+p+p+p+p+H4+He4,6,0.006
601,p+p+He6+Li6+C12,6,0.006
602,n+p+p+p+He4+He4+He4+C12,6,0.006
603,pi++n+n+n+n+D2+He3+He4,6,0.006
604,n+p+D2+D2+He4+He4+C12,6,0.006
605,n+He4+He4+He4+C13,6,0.006
606,n+n+n+n+n+p+He3+Li4,6,0.006
607,C12+C12+Al27,6,0.006
608,n+n+n+n+D2+He3+Li4,6,0.006
609,n+p+p+D2+Be9,6,0.006
610,n+n+n+D2+D2+Be6,6,0.006
611,n+n+n+n+p+p+p+Be7+C12,6,0.006
612,pi-+p+p+T3+He4+He4+C12,6,0.006
613,n+n+n+n+n+p+B7+C12,6,0.006
614,n+n+p+D2+He4+He4+C12+C12+C12,6,0.006
615,p+p+p+p+p+p+C12+C12+C12,6,0.006
616,n+n+n+n+p+Mg23,6,0.006
617,n+n+p+p+He4+Be7,6,0.006
618,pi-+n+p+p+B10+C12+C12,6,0.006
619,pi++n+n+C12+C12,6,0.006
620,n+n+n+n+p+p+D2+He4+O16,6,0.006
621,n+n+n+He4+Be7,6,0.006
622,pi++n+n+p+Na25,6,0.006
623,pi-+n+n+n+p+p+p+p+p+D2+He4,6,0.006
624,n+n+n+p+p+p+p+D2+D2+He4,6,0.006
625,n+n+n+p+p+p+p+T3+He4+C12+C12,6,0.006
626,n+n+He3+He4+He4+Al27,6,0.006
627,pi-+n+n+n+He3+B7,6,0.006
628,pi++n+n+n+Mg25,6,0.006
629,pi-+n+n+p+C10+C12+C12,6,0.006
630,pi-+n+p+p+p+D2+T3+He4+C12,6,0.006
631,n+n+n+n+p+p+p+D2+He4+C13,6,0.006
632,n+n+n+n+p+p+He4+C12+F18,6,0.006
633,pi-+n+p+p+p+He4+Li6+C12,6,0.006
634,n+p+p+p+p+Be10,6,0.006
635,pi-+n+n+p+p+He4+Ne20,6,0.006
636,pi-+n+n+p+p+T3+He3+He3,6,0.006
637,n+n+n+D2+D2+He3+He3,6,0.006
638,pi-+n+n+p+p+p+p+D2+D2+T3,6,0.006
639,n+n+n+p+He3+He3+He4,6,0.006
640,pi-+n+p+p+p+D2+He4+He4+C12,6,0.006
641,n+p+p+T3+Li7+C12,6,0.006
642,pi-+n+n+n+C12+N10,6,0.006
643,n+n+n+p+p+He3+Li6,6,0.006
644,n+n+n+p+p+Be9,6,0.006
645,pi-+n+n+n+n+p+p+p+p+Ne20,5,0.005
646,n+n+n+n+p+p+p+p+F20,5,0.005
647,p+p+D2+B11+C12,5,0.005
648,pi-+p+p+D2+Be9,5,0.005
649,n+n+n+n+p+D2+He3+He3+C12,5,0.005
650,pi-+pi++n+n+p+B10,5,0.005
651,n+p+p+p+Be10+C12+C12,5,0.005
652,pi++n+D2+He4+He6,5,0.005
653,p+Mg27,5,0.005
654,pi++n+n+n+p+B10,5,0.005
655,n+n+n+p+p+D2+He4+O17,5,0.005
656,pi-+n+n+He4+B7+C12,5,0.005
657,n+n+p+He4+He4+He4,5,0.005
658,n+p+p+p,5,0.005
659,pi++n+n+T3+He4+He4+C12,5,0.005
660,n+n+p+C12+C12+Mg25,5,0.005
661,n+p+He4+Li7+C13,5,0.005
662,pi-+p+p+He4+Li7+C12,5,0.005
663,n+n+n+p+p+He4+He4+He4+B11,5,0.005
664,pi-+n+n+p+N11,5,0.005
665,n+n+n+n+n+n+p+p+p+Li4,5,0.005
666,n+n+p+p+B11,5,0.005
667,n+n+p+He3+Li7+C12,5,0.005
668,pi-+n+p+p+p+T3+Li6,5,0.005
669,p+p+p+p+p+p+p,5,0.005
670,n+n+n+n+p+p+D2+He4+He4+He4+He4+He4,5,0.005
671,n+C12+C12+Al27,5,0.005
672,pi-+n+n+n+n+n+p+p+p+p+p+p+D2,5,0.005
673,pi++n+n+n+p+T3+Li6,5,0.005
674,n+n+D2+He3+Li6,5,0.005
675,n+n+C12+C12+Al26,5,0.005
676,pi-+n+p+p+B10+Al27,5,0.005
677,pi-+p+p+p+Be10+C12,5,0.005
678,pi-+n+n+p+p+p+p+p+T3+He4,5,0.005
679,pi-+pi++n+p+p+Be10,5,0.005
680,n+n+n+p+D2+He4+Li6+C12,5,0.005
681,n+n+n+n+p+p+D2+Ne20,5,0.005
682,n+n+p+p+He3+He4+He4,5,0.005
683,n+n+n+n+n+p+p+p+He4+O16,5,0.005
684,n+n+n+n+p+D2+D2+Li4,5,0.005
685,pi-+p+p+C12+Mg26,5,0.005
686,n+n+p+p+p+D2+Li7+C12,5,0.005
687,pi-+n+p+p+C12+Mg25,5,0.005
688,pi-+n+n+p+p+p+p+Li7+C12,5,0.005
689,n+n+n+n+p+p+p+D2+He4+C12+C12+C12,5,0.005
690,n+n+n+n+p+p+T3+Li4,5,0.005
691,n+p+C12+Al27,5,0.005
692,pi++n+n+n+n+n+p+Be7,5,0.005
693,pi-+n+n+p+C11,5,0.005
694,n+n+n+He3+He4+He4,5,0.005
695,p+p+p+p+p+p+p+C12+C12,5,0.005
696,pi-+n+n+p+p+He4+He4+O16,5,0.005
697,n+n+n+p+p+C12+Mg24,5,0.005
698,pi-+n+p+He4+Be7+C12+C12,5,0.005
699,n+n+p+p+D2+T3+He4+Al27,5,0.005
700,pi-+n+n+n+n+p+p+B7+C12,5,0.005
701,pi-+p+p+D2+D2+T3+He4,5,0.005
702,pi++n+n+p+p+Be10+C12,5,0.005
703,n+n+n+n+p+p+p+D2+He4+N15,5,0.005
704,n+n+He4+He4+F18,5,0.005
705,pi-+n+n+p+p+p+D2+Be7,5,0.005
706,n+n+p+p+He4+F20,5,0.005
707,pi-+n+p+p+D2+D2+Li6,5,0.005
708,p+B12+C12,5,0.005
709,C12+C12+C12+C12,5,0.005
710,pi-+n+n+p+p+C12+Mg24,5,0.005
711,pi-+n+p+p+He4+Li7,5,0.005
712,p+p+D2+B11,5,0.005
713,pi++n+n+n+n+p+p+D2+D2+T3,5,0.005
714,n+n+n+n+n+p+p+p+p+p+D2+D2,5,0.005
715,C13,5,0.005
716,n+n+p+p+B10+C12+C12,5,0.005
717,n+n+n+D2+He4+Li4,5,0.005
718,n+n+p+p+D2+D2+D2+He4+C12,5,0.005
719,pi-+pi++n+p+B11,5,0.005
720,pi-+n+n+n+p+p+Mg23,5,0.005
721,n+p+p+p+T3+Li7,5,0.005
722,n+p+He4+He4+He4+C12+Al27,5,0.005
723,n+n+n+n+p+p+p+Na22,5,0.005
724,pi-+n+n+p+p+p+D2+D2+He4+C12+C12,5,0.005
725,n+n+p+He4+Be7+C12+C12,5,0.005
726,n+n+He4+Be7+Al27,5,0.005
727,pi-+n+n+p+p+p+p+D2+D2+He4,5,0.005
728,p+p+He4+Be9+C12,5,0.005
729,pi++n+n+B11+C12+C12,5,0.005
730,pi-+n+n+n+p+He3+Be6,5,0.005
731,p+He4+Be9+C12,5,0.005
732,n+n+n+n+p+He4+Li4,5,0.005
733,pi-+n+p+p+p+Na24,5,0.005
734,n+p+p+p+T3+He4+He4+C12,5,0.005
735,pi-+n+n+n+p+p+p+He4+F18,5,0.005
736,n+n+n+n+n+p+p+p+p+D2+D2+C12,5,0.005
737,n+n+n+n+p+p+p+D2+D2+He3,5,0.005
738,n+C12+Al27,5,0.005
739,n+He4+Na23,5,0.005
740,n+p+p+p+He4+He4+He4+C12+C12+C12,4,0.004
741,n+p+p+B11+Al27,4,0.004
742,pi++n+n+p+He4+He6+C12,4,0.004
743,pi++n+n+n+n+p+D2+Li6,4,0.004
744,p+p+Al27,4,0.004
745,n+n+He3+He4+He4+C12+C12+C12,4,0.004
746,n+n+n+p+p+p+p+p+He4+He4,4,0.004
747,pi++n+n+n+T3+He3+He4,4,0.004
748,n+n+n+p+p+p+p+p+He6+C12,4,0.004
749,pi-+n+n+p+p+p+p+p+He6,4,0.004
750,n+n+n+n+p+p+D2+He4+He4+C12,4,0.004
751,n+n+n+p+p+p+p+He4+He4+C12+C12,4,0.004
752,pi-+n+p+C11+C12+C12+C12,4,0.004
753,n+D2+B10+C12,4,0.004
754,n+n+p+p+Be9+N15,4,0.004
755,n+n+n+p+D2+Be7+C12+C12,4,0.004
756,p+He4+Li8+C12,4,0.004
757,p+p+p+T3+He7,4,0.004
758,n+n+n+p+p+p+p+He6+C12,4,0.004
759,n+n+n+n+p+p+He4+He4+He4+B10,4,0.004
760,n+n+n+n+p+p+p+Li6+N15,4,0.004
761,pi++n+n+n+p+p+H4+He4,4,0.004
762,pi-+n+n+n+p+p+p+p+Be7,4,0.004
763,n+p+p+p+p+C12+C12,4,0.004
764,pi-+p+He4+He4+He4+C12+C12,4,0.004
765,n+p+p+B11+C12+C12+Al27,4,0.004
766,pi-+p+p+He4+He4+He4+C12,4,0.004
767,pi++n+n+n+p+Be10,4,0.004
768,pi-+n+p+p+p+Be9+C12+C12,4,0.004
769,n+n+p+B10+C12+C12+C12,4,0.004
770,pi-+n+n+n+p+p+B8,4,0.004
771,n+p+B12+C12,4,0.004
772,n+p+p+p+He4+He6,4,0.004
773,n+p+p+He4+Li7+C12+C12+C12,4,0.004
774,pi-+p+C12+Al27,4,0.004
775,n+n+n+p+p+p+C12+Na23,4,0.004
776,n+p+p+p+B11+C12+C12,4,0.004
777,n+n+p+p+He4+He6+N14,4,0.004
778,n+n+n+p+D2+He4+He4+N14,4,0.004
779,n+p+p+p+p+p+He8,4,0.004
780,n+p+B11+C12+Al27,4,0.004
781,n+p+p+p+p+C12,4,0.004
782,pi-+p+p+p+T3+Li7,4,0.004
783,n+n+n+n+n+p+p+p+p+p+T3+C12,4,0.004
784,n+n+n+p+He3+Be7,4,0.004
785,pi++n+n+n+n+n+n+p+p+p+He4+C12,4,0.004
786,n+n+n+p+p+D2+Li6+C12+C12,4,0.004
787,p+He6+Li6+C12,4,0.004
788,n+p+p+D2+D2+T3+He4,4,0.004
789,pi-+p+D2+B10,4,0.004
790,p+Al27,4,0.004
791,pi-+n+n+n+p+p+p+D2+He4+He4+C12,4,0.004
792,n+n+p+p+p+H4+He4+C12,4,0.004
793,pi++n+n+p+p+Ne24,4,0.004
794,n+n+n+p+p+p+Li7+Al27,4,0.004
795,pi++n+p+p+p+He9,4,0.004
796,pi++n+n+n+p+B10+C12,4,0.004
797,n+n+n+p+p+He4+He4+C12+C12+C12+C12,4,0.004
798,p+D2+He4+Li7,4,0.004
799,pi-+n+n+p+p+p+D2+He3+He4,4,0.004
800,pi++n+n+n+p+p+Li8+C12,4,0.004
801,pi-+p+Al27,4,0.004
802,n+n+n+n+p+p+D2+C12+Ne20,4,0.004
803,n+n+n+n+n+n+p+p+p+p+D2+He4+C12,4,0.004
804,p+D2+B11+C12+C12,4,0.004
805,n+n+p+p+D2+He4+He4+C12+C12+C12,4,0.004
806,n+n+n+T3+B7,4,0.004
807,pi-+p+p+p+p+Li9,4,0.004
808,pi-+p+p+p+B11+C12,4,0.004
809,n+n+n+n+p+p+p+D2+F19,4,0.004
810,n+n+p+p+p+D2+He4+He4+C12+C12,4,0.004
811,n+n+p+p+Al26,4,0.004
812,n+p+p+D2+D2+He6,4,0.004
813,n+n+p+He4+Li6+Al27,4,0.004
814,n+n+n+p+D2+D2+D2+He4,4,0.004
815,pi++n+n+n+p+D2+He4+He4,4,0.004
816,pi-+n+n+p+He3+He3+He4+C12,4,0.004
817,n+p+p+C12+Mg26,4,0.004
818,pi-+n+p+p+p+p+p+He7,4,0.004
819,p+p+p+p+C12+C12+C12+C12,4,0.004
820,pi++n+n+n+p+p+p+He7+C12,4,0.004
821,pi++n+n+n+n+n+p+p+Ne21,4,0.004
822,n+n+p+p+D2+He4+He4+Al27,4,0.004
823,n+n+n+n+p+p+C12+C12+Na22,4,0.004
824,pi-+n+n+n+n+n+p+p+p+p+p+He3,4,0.004
825,pi++n+n+n+B11,4,0.004
826,pi++n+n+p+p+Be10,4,0.004
827,n+n+n+n+p+p+p+p+He3+He4,4,0.004
828,n+p+He4+Li7+Al27,4,0.004
829,pi-+p+p+p+T3+T3+He4,4,0.004
830,pi-+n+n+p+p+He4+He4+He4+C12,4,0.004
831,pi++n+n+n+n+n+p+p+Li6,4,0.004
832,n+p+D2+B10+C12,4,0.004
833,pi-+n+p+p+p+B10+C12,4,0.004
834,n+n+p+p+D2+H4+He3,4,0.004
835,n+p+D2+T3+Li6,4,0.004
836,pi-+n+n+p+p+B10,4,0.004
837,pi-+n+n+n+p+p+p+Li6+O16,4,0.004
838,pi-+pi++n+n+p+D2+He4+He4,4,0.004
839,pi++n+n+n+n+n+p+He4+He4,4,0.004
840,n+n+n+p+p+p+p+p+He6,4,0.004
841,n+n+n+p+p+p+He4+He4+C12+C12+C12,4,0.004
842,n+n+p+p+p+B10+C12+C12,4,0.004
843,pi++n+n+p+C12,4,0.004
844,n+p+He4+Li8,4,0.004
845,n+n+n+n+n+p+p+p+He3+He3,4,0.004
846,n+n+D2+D2+He3+He4+C12,4,0.004
847,pi-+n+p+p+T3+He3+He4+C12,4,0.004
848,n+p+D2+He4+Li6+C12,3,0.003
849,pi-+n+p+D2+He4+Li6,3,0.003
850,n+n+n+n+n+p+p+p+He4+C12+O16,3,0.003
851,pi-+n+n+p+T3+B7,3,0.003
852,C12+C12+C13,3,0.003
853,p+p+p+p+C12+C12+C12+C12+C12,3,0.003
854,n+p+p+C12+C12+C12+C12,3,0.003
855,pi++n+n+n+p+p+Be9,3,0.003
856,n+n+n+n+n+p+p+p+p+He4+Al27,3,0.003
857,n+n+n+p+He4+C12+Ne20,3,0.003
858,pi-+n+n+n+p+p+He4+Li4,3,0.003
859,pi-+p+p+B12,3,0.003
860,n+n+n+p+p+p+p+Na23,3,0.003
861,n+n+n+n+p+p+p+He4+He4+He4+Be9,3,0.003
862,n+n+n+n+p+p+He4+He4+C12+N14,3,0.003
863,n+p+p+He4+Li7+Al27,3,0.003
864,n+n+n+n+p+p+p+C12+Ne21,3,0.003
865,pi++n+n+p+B11+C12,3,0.003
866,n+n+p+p+B10+C12+C12+C12,3,0.003
867,pi-+n+n+p+p+p+D2+Ne21,3,0.003
868,n+n+p+He4+Li7+C12,3,0.003
869,pi-+n+n+p+p+p+He4+He4+C13,3,0.003
870,n+n+n+p+p+p+D2+He3+He4,3,0.003
871,n+n+n+n+p+p+B10+C12,3,0.003
872,p+p+p+He6+Li6+C12,3,0.003
873,n+n+p+p+p+p+p+He7,3,0.003
874,n+n+n+p+p+He4+Li6+C13,3,0.003
875,pi++n+p+p+T3+He7,3,0.003
876,pi++n+n+n+n+p+p+He4+He4+C12,3,0.003
877,n+p+p+T3+He4+He4+C12+C12+C12,3,0.003
878,pi-+n+p+D2+D2+Be7,3,0.003
879,pi-+n+p+p+T3+Be7+C12,3,0.003
880,n+n+p+p+p+T3+Li6,3,0.003
881,n+He4+Be9,3,0.003
882,pi-+n+n+n+p+p+p+He4+He4+C12,3,0.003
883,n+n+n+n+p+p+Be7+C12+C12,3,0.003
884,n+n+n+n+He3+He3+He3,3,0.003
885,n+n+n+p+p+T3+He4+O16,3,0.003
886,n+n+n+p+p+p+D2+D2+T3+C12+C12,3,0.003
887,n+p+p+p+D2+T3+H4,3,0.003
888,n+n+n+n+n+p+p+p+p+p+p+He4,3,0.003
889,n+p+p+B11+C12+C12+C12,3,0.003
890,pi++n+n+p+p+D2+He7,3,0.003
891,n+n+n+n+p+p+p+D2+T3+He4+C12,3,0.003
892,p+p+p+Li10+C12,3,0.003
893,pi-+n+n+n+n+p+p+He3+Li4,3,0.003
894,n+n+n+n+p+He3+Ne20,3,0.003
895,pi-+n+n+p+He4+Be7,3,0.003
896,n+n+p+D2+D2+T3+He3+C12,3,0.003
897,n+n+n+p+D2+He4+F18,3,0.003
898,pi++n+n+B11+C13,3,0.003
899,pi++n+n+n+p+p+Ne23,3,0.003
900,p+p+p+C12+C12+C12+C12,3,0.003
901,n+n+n+p+p+T3+He4+He4+C12+C12,3,0.003
902,pi-+n+p+p+p+T3+He3+He4,3,0.003
903,n+n+n+p+p+B11+C12,3,0.003
904,n+n+n+n+n+p+p+p+p+p+T3+He4+B11,3,0.003
905,n+n+n+n+p+He4+He4+He4+C11,3,0.003
906,n+n+n+p+p+D2+T3+He4,3,0.003
907,n+p+p+p+Li9+C12,3,0.003
908,n+n+p+He3+He4+He4+Al27,3,0.003
909,pi-+n+n+p+p+D2+He4+He4,3,0.003
910,n+p+p+p+p+B11,3,0.003
911,n+n+p+p+T3+Ne21,3,0.003
912,n+n+p+p+p+Li8+C12+C12,3,0.003
913,n+n+p+p+p+p+Be9,3,0.003
914,n+n+p+p+p+D2+T3+He4+C12+C12,3,0.003
915,pi++n+n+p+p+p+Li9,3,0.003
916,n+n+p+p+D2+D2+D2+T3,3,0.003
917,n+n+p+p+T3+Be7,3,0.003
918,p+p+D2+T3+He4+He4,3,0.003
919,n+n+p+p+p+Na24,3,0.003
920,pi-+n+p+He4+He4+He4+C12,3,0.003
921,p+p+T3+Li8,3,0.003
922,pi-+n+p+p+p+p+Li8+C12,3,0.003
923,pi-+n+Li6+Be6+C12+C12,3,0.003
924,pi-+n+n+C12+C12+N11,3,0.003
925,pi-+n+n+p+p+p+C12+Na23,3,0.003
926,pi++n+p+Be12,3,0.003
927,n+n+p+T3+Be7+C12,3,0.003
928,pi-+p+p+T3+He4+He4+C12+C12,3,0.003
929,n+n+p+D2+He4+F19,3,0.003
930,pi-+p+p+p+C12,3,0.003
931,n+p+C12+C12+Mg26,3,0.003
932,pi++n+n+Al27,3,0.003
933,pi-+n+n+n+p+p+p+D2+D2+He3+C12,3,0.003
934,n+n+p+p+He4+Be9+B11,3,0.003
935,n+n+p+p+He4+He4+He4+He4+Li8,3,0.003
936,pi-+n+p+p+He3+He4+He4+C12,3,0.003
937,pi-+n+n+p+C10+Al27,3,0.003
938,pi-+n+n+n+p+p+p+p+Ne21,3,0.003
939,n+C13,3,0.003
940,n+p+p+He4+He4+He4+C12+C12+C12,3,0.003
941,pi-+pi++n+p+B11+C12,3,0.003
942,pi-+n+p+C11+C13,3,0.003
943,p+p+p+D2+B11,3,0.003
944,pi-+n+n+N11+Al27,3,0.003
945,pi-+n+n+n+n+n+n+p+p+p+p+p+p+p,3,0.003
946,n+p+p+Al27,3,0.003
947,n+n+n+p+D2+T3+Li4,3,0.003
948,pi++n+n+n+p+p+p+T3+H4,3,0.003
949,pi-+n+n+n+p+p+p+p+He4+He4+C13,3,0.003
950,n+n+n+n+p+p+p+p+T3+He4+C13,3,0.003
951,n+n+n+n+p+p+He4+Li6+C12,3,0.003
952,n+p+D2+D2+D2+D2+He4,3,0.003
953,n+n+p+p+p+He3+He6,3,0.003
954,n+n+p+p+T3+He3+He4+C12,3,0.003
955,n+n+n+n+n+p+p+He3+He4,3,0.003
956,n+n+n+n+p+p+p+D2+He4+C12+C13,3,0.003
957,pi-+n+p+p+p+D2+Li7+C12,3,0.003
958,pi++n+n+n+n+p+D2+D2+He4+C12,3,0.003
959,p+C12+Al27,3,0.003
960,n+n+n+n+n+p+p+p+C12+Ne20,3,0.003
961,n+n+n+p+p+p+p+p+He4+He4+C12,3,0.003
962,p+D2+B11+C12+C12+C12,3,0.003
963,n+n+n+n+n+p+p+p+p+T3+He4+C12,3,0.003
964,n+n+n+n+n+p+p+Be6+C12,3,0.003
965,n+n+n+n+n+p+p+p+p+D2+He4+C13,3,0.003
966,n+n+p+p+D2+He4+He4+C12+Al27,3,0.003
967,pi++n+n+p+Be10+C12+C12,3,0.003
968,p+p+p+C12+Al27,3,0.003
969,pi-+p+p+p+T3+He4+He4,3,0.003
970,p+p+p+Mg27,3,0.003
971,pi-+p+p+B11+C12+C12,3,0.003
972,pi-+n+n+p+p+p+p+He4+He4+C12+C12,3,0.003
973,n+n+p+p+He3+Li7,3,0.003
974,n+n+C11+C12+Al27,3,0.003
975,C12+C13,3,0.003
976,pi-+p+p+D2+D2+T3+He4+C12,3,0.003
977,n+n+p+He4+C12+Ne21,3,0.003
978,n+p+p+Be10+Al27,3,0.003
979,p+p+Mg27,3,0.003
980,n+n+p+D2+He4+He4+C12+Al27,3,0.003
981,n+n+He4+C12+Na22,3,0.003
982,n+p+p+D2+He4+Li6+C12,3,0.003
983,n+n+n+p+p+p+He4+O18,3,0.003
984,n+He6+Be6,3,0.003
985,pi-+n+n+D2+C9,3,0.003
986,n+n+p+C12+C12+Al26,3,0.003
987,pi-+n+n+p+p+p+He4+He4+C12+C12+C12,3,0.003
988,n+n+p+He4+Li6+C13,3,0.003
989,n+p+p+p+Mg26,3,0.003
990,pi-+n+n+p+p+p+Mg24,3,0.003
991,n+n+n+p+p+D2+D2+He4+C12+C12+C12,3,0.003
992,n+p+p+p+He4+He4+He4+C12+C12,3,0.003
993,n+n+p+p+p+p+Li8+C12,3,0.003
994,n+n+n+p+p+D2+C12+Ne21,3,0.003
995,n+n+n+p+p+He4+He4+C12+C12+C13,3,0.003
996,n+n+p+He3+He4+He4+C12+C12,3,0.003
997,n+n+p+p+D2+C12+Na23,3,0.003
998,n+n+n+p+p+p+p+p+T3+He4,3,0.003
999,pi-+n+n+n+n+p+p+p+p+p+p+T3,3,0.003
1000,pi-+n+p+p+D2+He4+He4+C13,2,0.002
1001,n+n+p+p+T3+Li6+C12+C12,2,0.002
1002,n+n+n+n+p+p+p+D2+He4+He4+B11,2,0.002
1003,n+n+D2+D2+Be7+C12,2,0.002
1004,n+n+n+n+p+p+p+T3+F18,2,0.002
1005,pi-+n+C12+C12+N12,2,0.002
1006,pi-+n+n+n+p+p+p+He4+He4+N14,2,0.002
1007,n+n+D2+He4+Li6,2,0.002
1008,n+n+p+p+D2+Na23,2,0.002
1009,pi-+n+n+n+p+p+p+p+p+Li6,2,0.002
1010,pi++n+n+n+n+n+n+p+p+D2+He3,2,0.002
1011,p+p+p+He4+Be9+C12,2,0.002
1012,n+n+p+C11+C13,2,0.002
1013,n+n+n+p+D2+He4+He4+C12,2,0.002
1014,n+n+p+T3+He3+He4+C12+C12,2,0.002
1015,p+p+p+p+p+p+C12+C12+C12+C12,2,0.002
1016,p+p+p+T3+He7+C12,2,0.002
1017,pi-+n+p+D2+He4+He4+He4+He4+He4+He4,2,0.002
1018,pi-+n+n+p+p+p+p+Li7+C12+C12,2,0.002
1019,n+n+p+He4+Li6+C12+Al27,2,0.002
1020,pi-+n+p+C12+N12,2,0.002
1021,pi-+n+n+p+D2+He4+Li4,2,0.002
1022,n+n+n+n+n+p+p+p+D2+He4+He4+He4+Li6,2,0.002
1023,n+n+p+p+p+D2+D2+D2+He4+C12,2,0.002
1024,n+n+n+n+n+n+n+p+p+p+p+p+p+C12,2,0.002
1025,n+p+D2+Be9+C12+C12,2,0.002
1026,n+n+n+n+n+p+p+p+Be7+C13,2,0.002
1027,pi-+n+p+p+p+p+D2+T3+T3,2,0.002
1028,pi-+n+p+p+D2+C12+Na23,2,0.002
1029,n+n+p+p+p+T3+Li6+C12,2,0.002
1030,n+n+n+p+T3+He3+He3+C12,2,0.002
1031,n+n+p+p+He4+Li6+C12+C12+C12,2,0.002
1032,n+n+n+n+p+p+D2+D2+D2+He4+He4+He4+He4,2,0.002
1033,n+n+n+p+p+p+Be9+C13,2,0.002
1034,n+n+p+p+p+He3+He6+C12,2,0.002
1035,n+n+n+p+p+p+p+D2+H4+C12,2,0.002
1036,pi-+n+n+n+p+p+p+He4+He4+He4+B10,2,0.002
1037,pi++n+n+n+n+n+n+p+p+p+D2+D2,2,0.002
1038,p+p+T3+H4+He4,2,0.002
1039,p+Li6+Li7,2,0.002
1040,pi-+n+n+n+p+p+p+p+D2+He4+Al27,2,0.002
1041,n+n+p+D2+He4+He4+C12+C12+C12+C12,2,0.002
1042,n+n+n+n+n+n+p+p+p+D2+D2+He3+He4+He4+He4,2,0.002
1043,n+n+n+p+p+p+Be10+C12,2,0.002
1044,n+n+p+p+p+p+Be9+C12,2,0.002
1045,pi-+p+C13,2,0.002
1046,n+p+He6+Li6+C12,2,0.002
1047,n+n+p+p+C12+C12+Mg25,2,0.002
1048,pi-+n+p+p+p+p+D2+Li7,2,0.002
1049,n+n+p+T3+He4+F18,2,0.002
1050,n+n+p+p+p+Be10+N14,2,0.002
1051,n+n+p+p+p+T3+F20,2,0.002
1052,pi-+n+p+p+D2+D2+T3+He3,2,0.002
1053,n+n+He4+Li6+O16,2,0.002
1054,n+n+n+p+T3+He3+He4,2,0.002
1055,pi-+n+p+p+He4+He4+O17,2,0.002
1056,n+n+n+p+p+p+D2+F20,2,0.002
1057,n+He4+Be9+C12,2,0.002
1058,n+n+He4+He4+He4+C12+C12,2,0.002
1059,pi-+pi++n+n+p+He4+Li6+C12,2,0.002
1060,n+n+p+p+p+p+D2+Li7,2,0.002
1061,n+n+n+p+p+p+D2+Be9+C12,2,0.002
1062,pi++n+p+T3+Li8,2,0.002
1063,n+n+p+p+Li7+O17,2,0.002
1064,n+n+n+n+p+C12+Mg23,2,0.002
1065,pi-+n+p+p+p+p+D2+He6,2,0.002
1066,pi-+n+p+D2+D2+He3+He4+C12,2,0.002
1067,p+p+He6+Li6+C12+C12,2,0.002
1068,p+D2+He4+He6+C12,2,0.002
1069,n+n+p+p+p+p+D2+He6,2,0.002
1070,n+n+p+C12+C13,2,0.002
1071,n+p+H4+He3+He4,2,0.002
1072,n+n+n+n+n+p+p+p+p+F19,2,0.002
1073,n+n+n+D2+D2+Be6+C12,2,0.002
1074,p+p+Be12,2,0.002
1075,pi++n+n+n+T3+He3+He4+C12,2,0.002
1076,n+n+p+p+B10+C14,2,0.002
1077,pi-+n+p+p+p+p+D2+T3+He4,2,0.002
1078,n+p+p+C12+Na25,2,0.002
1079,pi-+n+p+p+p+Be10,2,0.002
1080,n+n+n+n+p+D2+He3+He4+C12,2,0.002
1081,n+n+n+p+p+D2+Li7,2,0.002
1082,n+n+n+n+p+p+p+p+He3+He4+C12,2,0.002
1083,n+n+n+p+T3+Be6+C12,2,0.002
1084,n+n+n+n+p+B8+C12,2,0.002
1085,pi++n+n+n+p+Be9+C12+C12,2,0.002
1086,pi-+n+p+D2+Mg24,2,0.002
1087,n+n+p+D2+D2+D2+He4+C12+C12,2,0.002
1088,n+n+p+p+p+p+He7+C12+C12,2,0.002
1089,n+p+p+p+He4+Li7+C12+C12,2,0.002
1090,pi-+n+n+n+p+p+C9,2,0.002
1091,n+p+D2+Na24,2,0.002
1092,pi-+n+n+p+C12+Al25,2,0.002
1093,n+n+n+p+He3+Ne21,2,0.002
1094,n+n+n+n+n+n+p+p+p+p+p+D2+C12+C12,2,0.002
1095,pi-+n+p+p+D2+He4+He4+C12+C12+C12,2,0.002
1096,pi-+pi++n+n+C11,2,0.002
1097,n+n+p+p+D2+He4+He4+C13,2,0.002
1098,p+p+B12+C12,2,0.002
1099,pi-+n+D2+He3+Be7,2,0.002
1100,pi-+n+n+p+He3+Be7+C12,2,0.002
1101,n+n+p+p+Be9+C12+N15,2,0.002
1102,pi-+n+n+p+p+p+Be9,2,0.002
1103,n+n+n+p+He4+Li6+C12,2,0.002
1104,pi-+n+n+n+n+p+p+p+p+p+p+He4+C12,2,0.002
1105,n+n+n+n+n+p+p+p+p+T3+He4+He4+He4+He4,2,0.002
1106,n+p+D2+T3+Li6+C12,2,0.002
1107,n+n+p+D2+C12+Mg24,2,0.002
1108,n+n+n+n+p+p+p+He3+He4+C12+C12,2,0.002
1109,n+n+p+p+p+p+p+Li8,2,0.002
1110,pi-+n+n+p+p+He4+He4+He4+He4+He4+He4,2,0.002
1111,n+n+n+p+D2+He3+He4+Al27,2,0.002
1112,n+n+n+n+n+n+p+p+p+p+p+He4+C13,2,0.002
1113,p+p+p+p+p+C12+C12+C12+C12,2,0.002
1114,pi-+n+p+p+He4+Be7+C12+C12,2,0.002
1115,pi-+n+n+p+He4+Be6+C12,2,0.002
1116,n+n+p+T3+He3+He4+Al27,2,0.002
1117,n+n+n+p+p+D2+He3+He4+C12+C12,2,0.002
1118,n+p+B11+C12+C12+C13,2,0.002
1119,pi++n+n+p+D2+Li8,2,0.002
1120,n+p+p+He4+He6+C12+C12,2,0.002
1121,n+n+n+n+n+n+p+p+p+p+He4,2,0.002
1122,n+n+n+n+n+p+p+p+D2+D2+He4+C12,2,0.002
1123,pi-+n+n+p+p+p+p+H4+He3,2,0.002
1124,n+p+T3+He4+He4+C13,2,0.002
1125,n+n+n+p+p+Li7+O16,2,0.002
1126,n+n+n+p+He4+He4+He4+He4+He4+He4,2,0.002
1127,n+n+n+p+p+C12+C12+Na23,2,0.002
1128,pi-+n+n+p+p+p+He4+He4+C12+Al27,2,0.002
1129,n+D2+He4+Ne21,2,0.002
1130,p+C13,2,0.002
1131,n+n+p+C12+C12,2,0.002
1132,n+n+n+n+n+p+p+p+D2+He4+N14,2,0.002
1133,pi++n+n+n+n+n+n+p+p+p+p+T3,2,0.002
1134,n+n+n+n+n+p+p+p+p+p+He4+C14,2,0.002
1135,pi-+n+p+p+p+p+Ne23,2,0.002
1136,n+n+n+n+p+p+He3+F19,2,0.002
1137,n+p+C12+C12+Al27,2,0.002
1138,pi-+n+D2+He3+He3+He4,2,0.002
1139,n+n+n+p+p+p+He4+He4+C12+C13,2,0.002
1140,pi-+n+p+He3+He4+He4+C12+C12+C12,2,0.002
1141,pi-+n+n+p+p+He3+Li6+C12,2,0.002
1142,n+p+p+Be11,2,0.002
1143,n+p+He3+Li8,2,0.002
1144,pi++n+n+n+n+p+He4+He4+C13,2,0.002
1145,pi++n+n+n+p+p+D2+T3+He4,2,0.002
1146,n+n+n+n+p+p+p+p+p+D2+He4+C12,2,0.002
1147,n+n+n+p+p+p+p+Li7+C12+C12,2,0.002
1148,pi-+p+D2+He4+Li6+C12,2,0.002
1149,n+n+n+n+p+p+p+D2+D2+T3+He4+B10,2,0.002
1150,n+n+n+n+p+D2+He3+He4,2,0.002
1151,pi++p+p+Li11,2,0.002
1152,n+n+n+n+p+p+p+T3+He4+He4+He4+Li6,2,0.002
1153,n+n+n+p+p+p+D2+He3+He4+C12,2,0.002
1154,n+n+D2+D2+He4+He4,2,0.002
1155,n+n+n+n+p+He4+He4+He4+He4+Be7,2,0.002
1156,n+n+p+p+p+D2+D2+D2+He4,2,0.002
1157,n+n+p+p+p+C12+Na24,2,0.002
1158,n+n+n+p+p+p+D2+T3+He4+He4+Be9,2,0.002
1159,n+n+p+p+He3+He6+C12,2,0.002
1160,n+n+n+n+p+p+D2+D2+He4+N14,2,0.002
1161,n+n+n+p+p+p+p+He4+C12+O18,2,0.002
1162,n+n+p+C11+C12+Al27,2,0.002
1163,n+n+p+p+He3+Li7+C12,2,0.002
1164,n+n+n+n+n+p+p+p+p+D2+T3+He4+He4+Li6,2,0.002
1165,pi-+n+p+p+He3+Li7+C12,2,0.002
1166,n+p+p+D2+B10+C12,2,0.002
1167,n+D2+D2+D2+D2+He4,2,0.002
1168,n+n+n+n+n+n+p+p+p+p+p+He3,2,0.002
1169,n+n+n+p+p+Be9+C12,2,0.002
1170,p+p+D2+B11+C12+C12,2,0.002
1171,n+n+n+p+p+p+p+p+T3+T3,2,0.002
1172,n+n+n+n+p+p+p+He4+He4+C12,2,0.002
1173,pi-+n+n+n+p+p+p+B10+C12,2,0.002
1174,n+p+He4+He4+He4+C12+C12+Al27,2,0.002
1175,pi++n+n+p+p+T3+He6,2,0.002
1176,pi-+p+D2+D2+He4+He4+C12,2,0.002
1177,n+n+n+p+p+T3+He4+C12+O16,2,0.002
1178,n+n+n+n+n+p+p+p+p+p+p+T3,2,0.002
1179,n+n+p+He4+Li6+N15,2,0.002
1180,pi-+n+n+p+p+p+p+p+Li7,2,0.002
1181,pi++n+n+D2+Be9,2,0.002
1182,pi-+n+n+p+p+D2+Na22,2,0.002
1183,p+p+p+He6+Li6,2,0.002
1184,pi++n+n+p+He4+Li7,2,0.002
1185,n+n+n+p+p+He4+Ne20,2,0.002
1186,p+D2+T3+He4+He4+C12,2,0.002
1187,p+p+He4+Na24,2,0.002
1188,pi++n+n+n+D2+D2+D2+He4+C12,2,0.002
1189,n+n+n+n+n+p+p+p+Be6+C12,2,0.002
1190,p+B12+C12+C12,2,0.002
1191,n+p+p+p+p+T3+He6,2,0.002
1192,n+n+n+n+n+n+p+p+p+p+p+p+D2,2,0.002
1193,n+n+n+p+p+T3+He3+He3,2,0.002
1194,n+p+p+He4+He4+He4+C12+C12+C12+C12,2,0.002
1195,n+n+n+n+n+n+p+p+p+p+He4+N14,2,0.002
1196,n+n+n+p+p+He4+He4+O16,2,0.002
1197,n+p+p+D2+Li8+C12,2,0.002
1198,n+p+p+D2+B10,2,0.002
1199,p+p+p+Be11+C12,2,0.002
1200,pi-+n+Si27,2,0.002
1201,n+p+p+B11+C13,2,0.002
1202,pi-+n+n+n+n+p+p+p+p+p+He4+C12+C12,2,0.002
1203,pi-+n+n+n+p+p+D2+Be6+C12,2,0.002
1204,pi-+n+p+p+T3+Be7,2,0.002
1205,n+n+p+T3+He4+He4+C12,2,0.002
1206,pi++n+n+n+n+p+D2+T3+He3,2,0.002
1207,n+n+n+p+p+p+T3+He4+C12+Al27,2,0.002
1208,n+p+p+p+Ne24,2,0.002
1209,n+n+n+p+p+T3+Ne20,2,0.002
1210,n+n+n+n+n+n+p+p+p+p+p+T3+N14,2,0.002
1211,n+n+n+p+p+T3+He3+O17,2,0.002
1212,n+p+T3+Be9,2,0.002
1213,pi++n+Mg27,2,0.002
1214,n+n+n+p+p+p+Li6+O17,2,0.002
1215,p+p+p+p+p+p+p+C12+C12+C12,2,0.002
1216,n+He4+He4+He4+C12+C12+C12,2,0.002
1217,n+n+n+n+p+p+p+He4+F18,2,0.002
1218,n+n+p+D2+He4+He4+C12+C13,2,0.002
1219,n+p+p+p+p+C12+C12+C12,2,0.002
1220,n+n+n+He3+He3+He4+C12+Al27,2,0.002
1221,n+p+p+p+He4+He6+C12,2,0.002
1222,pi-+n+n+n+p+D2+B7+C12,2,0.002
1223,pi-+n+n+n+p+p+p+p+D2+He4+C12+Al27,2,0.002
1224,pi-+n+n+n+p+p+p+p+Be7+C12,2,0.002
1225,pi-+n+p+p+T3+He4+He4,2,0.002
1226,n+n+p+p+p+p+D2+T3+T3,2,0.002
1227,n+n+n+n+n+p+p+p+p+He4+C12+N15,2,0.002
1228,n+p+p+p+p+He8+C12,2,0.002
1229,n+p+He4+Li7+C12+Al27,2,0.002
1230,n+n+n+p+Al25,2,0.002
1231,n+n+n+n+p+D2+Be6+C12,2,0.002
1232,n+n+p+p+p+Li8+C12+C12+C12,2,0.002
1233,p+p+C12+C12+C12+C12,2,0.002
1234,n+n+p+p+Li8+O16,2,0.002
1235,pi-+n+n+n+p+He3+Be6+C12,2,0.002
1236,pi++n+p+p+Li10+C12,2,0.002
1237,n+n+p+He4+Be9+C12,2,0.002
1238,n+n+p+p+He4+He6,2,0.002
1239,n+n+n+p+p+p+p+p+T3+T3+C12,2,0.002
1240,pi++p+Be12,2,0.002
1241,p+p+D2+He4+Li7,2,0.002
1242,n+T3+He3+Li6,2,0.002
1243,n+p+He4+Ne22,2,0.002
1244,n+p+T3+He4+He4+Al27,2,0.002
1245,n+n+C11+C12+C12+C12+C12,2,0.002
1246,n+n+n+p+p+p+He4+He4+C13,2,0.002
1247,n+n+He4+B10+C12,2,0.002
1248,n+n+n+p+p+p+D2+Li6+C12,2,0.002
1249,n+n+n+n+p+p+p+p+Ne21,2,0.002
1250,n+n+n+p+p+p+D2+C12+F20,2,0.002
1251,pi-+n+n+n+n+p+p+p+p+p+He4+C12+Al27,2,0.002
1252,n+n+p+D2+D2+T3+He4,2,0.002
1253,n+n+n+n+n+p+p+p+D2+D2+He4+He4+He4+He4,2,0.002
1254,pi-+n+n+p+p+p+p+He4+He4+Al27,2,0.002
1255,pi-+n+n+p+p+D2+C12+Na22,2,0.002
1256,n+n+p+p+C13+Mg25,2,0.002
1257,pi-+p+p+Al27,2,0.002
1258,p+p+p+p+Li10,2,0.002
1259,pi-+n+n+n+n+p+p+p+p+He4+O16,2,0.002
1260,pi-+n+n+n+n+p+p+p+p+D2+He3+C12,2,0.002
1261,n+n+n+n+p+p+p+T3+He4+N14,2,0.002
1262,n+n+p+p+He4+Li6+Al27,2,0.002
1263,pi++n+n+n+n+n+p+p+Li6+C12,2,0.002
1264,n+n+p+p+p+p+D2+T3+T3+C12,2,0.002
1265,pi-+n+p+p+He4+Li6+Al27,2,0.002
1266,n+n+n+n+p+p+p+Li6+C12+C12,2,0.002
1267,n+n+n+n+C9+C12+C12,2,0.002
1268,pi-+pi-+n+O12,2,0.002
1269,n+n+n+n+n+p+p+Na21,2,0.002
1270,n+n+n+p+p+D2+C12+Na22,2,0.002
1271,n+p+T3+He4+He4+C12+Al27,2,0.002
1272,n+n+n+p+p+He4+He4+C12+C12+C12+C13,2,0.002
1273,n+n+n+n+p+p+p+p+D2+He6+C12,2,0.002
1274,pi-+n+n+p+p+p+D2+T3+He3+C12,2,0.002
1275,pi-+n+n+p+D2+D2+Be6,2,0.002
1276,n+n+p+p+Be10+C12,2,0.002
1277,n+n+n+p+p+He4+He4+He4+C12+C12,2,0.002
1278,pi-+n+p+p+C11+C12+C12,2,0.002
1279,n+n+D2+T3+He3+He3,2,0.002
1280,pi-+pi++n+n+p+B10+C12,2,0.002
1281,n+n+n+He4+Na21,2,0.002
1282,n+n+p+p+D2+D2+Li6,2,0.002
1283,p+D2+T3+He4+He4,2,0.002
1284,n+n+n+p+p+He4+He4+C12+C13,2,0.002
1285,n+n+n+n+n+p+p+p+He4+He4+C12+C12,2,0.002
1286,n+n+n+C11+C12,2,0.002
1287,pi++n+n+n+n+p+C12+Na23,2,0.002
1288,n+D2+He4+Li6+C12+C12,2,0.002
1289,n+n+p+p+p+T3+T3+He3,2,0.002
1290,p+p+p+p+He4+Be9+C12+C12,2,0.002
1291,n+n+n+p+C11,2,0.002
1292,pi-+n+p+B10+O16,2,0.002
1293,pi-+n+n+n+n+p+p+p+p+He4+He4+He4+He4+He4,2,0.002
1294,pi-+p+p+C13,2,0.002
1295,n+n+p+He4+He4+He4+C12,2,0.002
1296,n+D2+T3+He3+He4,2,0.002
1297,p+p+D2+He4+He6+C12,2,0.002
1298,n+p+p+p+He4+He4+He4+C12+C12+C12+C12,2,0.002
1299,n+n+n+T3+B7+C12,2,0.002
1300,p+p+p+p+p+C12+C12+C13,2,0.002
1301,n+n+n+n+n+n+p+p+p+p+D2+He4+He4+He4+He4,2,0.002
1302,n+p+He6+Li6,2,0.002
1303,n+n+n+p+p+D2+He4+He4+C13,2,0.002
1304,n+n+n+n+p+p+He3+He4+C13,2,0.002
1305,n+n+p+He4+Li6+C12+C12+C12,2,0.002
1306,n+n+n+n+p+He3+He4+He4+He4+He4+He4,2,0.002
1307,pi-+n+n+n+p+p+p+He3+He4+C12+C12,2,0.002
1308,pi-+n+n+p+p+C12+C12+Mg24,2,0.002
1309,n+n+n+n+p+p+p+p+Be7+C12,2,0.002
1310,n+n+Li6+Ne20,2,0.002
1311,n+n+n+p+C12+C12+Mg24,2,0.002
1312,n+n+n+n+n+p+p+He3+He4+N14,2,0.002
1313,n+p+p+p+D2+T3+H4+C12,2,0.002
1314,n+n+n+p+p+D2+D2+T3+O16,2,0.002
1315,n+n+p+p+Be9+C12+Al27,2,0.002
1316,n+p+p+p+D2+Li8,2,0.002
1317,n+n+p+D2+He4+He4+He4+B11,2,0.002
1318,pi++n+n+n+n+n+n+p+p+Ne20,2,0.002
1319,n+p+p+p+p+B11+C12+C12,2,0.002
1320,n+n+p+C11+C12+C12+C12,2,0.002
1321,pi++n+n+p+He4+He6,2,0.002
1322,n+n+p+p+T3+T3+He4,1,0.001
1323,n+D2+Mg25,1,0.001
1324,n+n+n+p+D2+D2+D2+He4+C12,1,0.001
1325,n+n+n+p+p+D2+He4+He4+N14,1,0.001
1326,n+n+p+p+D2+T3+He4+C13,1,0.001
1327,pi-+n+n+n+p+p+p+p+p+He3+He4+C12+C14,1,0.001
1328,pi++n+n+n+p+p+D2+Li7+C12+C12,1,0.001
1329,n+n+He3+He4+He4+C12+C12+C12+C12,1,0.001
1330,pi-+n+n+p+He4+B10+C11,1,0.001
1331,p+D2+C12+Mg26,1,0.001
1332,n+n+n+n+p+p+p+p+T3+He3+C12,1,0.001
1333,pi-+pi++n+p+He4+Li7+C12,1,0.001
1334,n+n+n+p+p+He3+C12+F20,1,0.001
1335,n+n+n+p+p+p+p+p+D2+F20,1,0.001
1336,n+p+D2+Mg25,1,0.001
1337,n+n+n+n+p+p+T3+He4+He4+He4+Be7,1,0.001
1338,n+n+p+He4+Be7+C12+C13,1,0.001
1339,p+T3+He4+Li6+C12,1,0.001
1340,n+n+p+B11+C12+C12,1,0.001
1341,n+n+He3+He3+He4+He4+B12,1,0.001
1342,pi-+n+p+p+p+p+Be9,1,0.001
1343,pi-+n+n+n+p+He3+Na21,1,0.001
1344,p+p+p+p+B12+C12,1,0.001
1345,pi++n+n+n+B10+C12+C12,1,0.001
1346,n+n+n+n+n+n+p+p+p+p+p+D2+He4+He4+Li7,1,0.001
1347,n+n+n+n+p+p+p+p+p+Li6+C12,1,0.001
1348,n+n+n+n+n+n+p+p+p+Li4+C12,1,0.001
1349,pi-+p+p+C12+C12+C12,1,0.001
1350,n+n+p+T3+He4+He4+He4+He4+Li6,1,0.001
1351,n+p+p+p+p+T3+H5,1,0.001
1352,n+n+n+p+p+D2+Li6+O16,1,0.001
1353,n+n+n+p+p+p+p+T3+T3+N15,1,0.001
1354,pi-+n+n+n+n+p+p+p+p+p+p+He4+C12+C12,1,0.001
1355,n+p+p+B11+C12+Al27,1,0.001
1356,pi++n+n+n+p+p+D2+D2+H4,1,0.001
1357,n+n+C11+C12+C12+C12+Al27,1,0.001
1358,n+p+p+D2+D2+D2+H4,1,0.001
1359,pi-+n+p+p+N12,1,0.001
1360,n+n+n+n+n+n+n+p+p+p+p+D2+He3+C12,1,0.001
1361,n+n+n+n+n+p+p+p+C12+Na21,1,0.001
1362,n+n+p+He4+Na22,1,0.001
1363,n+p+D2+D2+Li7+C12+C12,1,0.001
1364,pi++n+n+D2+D2+T3+He4,1,0.001
1365,pi++n+n+n+n+p+p+p+p+T3+He4+C13,1,0.001
1366,n+n+He4+Be7+C13,1,0.001
1367,n+n+n+n+p+p+p+p+Be9+C12,1,0.001
1368,pi-+n+n+D2+D2+He3+Li4,1,0.001
1369,n+He4+Li7+O16,1,0.001
1370,n+n+n+p+p+p+p+p+D2+H4,1,0.001
1371,pi++n+n+n+n+n+p+p+p+D2+D2+T3+C13,1,0.001
1372,n+n+p+p+He4+Li6+N15,1,0.001
1373,pi-+n+n+n+p+C12+N10,1,0.001
1374,n+n+n+n+p+p+p+D2+B10+C11,1,0.001
1375,n+n+p+p+p+He4+Be7+C12,1,0.001
1376,pi-+n+n+n+n+n+p+p+p+p+p+D2+He4+C12,1,0.001
1377,pi-+n+n+n+n+p+p+p+p+He3+He4+C12,1,0.001
1378,pi-+n+n+n+n+p+p+p+p+p+D2+He4+C13,1,0.001
1379,n+n+n+p+p+p+T3+He4+C12+N15,1,0.001
1380,n+n+n+n+n+p+p+p+D2+He4+C12+C12+N14,1,0.001
1381,n+p+C12+C13+C13,1,0.001
1382,pi-+n+n+p+p+p+He4+He4+C12+C13,1,0.001
1383,n+n+p+p+T3+He4+He4,1,0.001
1384,p+Li6+Li7+C12+C12+C12,1,0.001
1385,pi++n+n+n+n+D2+He4+F18,1,0.001
1386,n+p+p+p+T3+He6+C12,1,0.001
1387,pi-+n+p+p+p+C11,1,0.001
1388,n+n+n+p+p+p+Li7+C12+Al27,1,0.001
1389,pi-+n+p+p+D2+T3+Ne20,1,0.001
1390,n+n+n+p+D2+He4+He4+He4+B10+C12,1,0.001
1391,n+n+n+C12+Al25+Al27,1,0.001
1392,n+n+p+p+C12+C12+C12+Mg25,1,0.001
1393,pi-+p+p+D2+Be9+C12+C12+C12,1,0.001
1394,p+p+p+T3+Li8,1,0.001
1395,p+p+He4+He7+C12,1,0.001
1396,p+D2+T3+T3+He4,1,0.001
1397,pi-+n+n+p+p+p+C12+C12+C12+Na23,1,0.001
1398,pi++n+n+n+n+He3+He4+Be7+Be10+C12,1,0.001
1399,n+p+p+p+He4+Li7+C12+C12+C12,1,0.001
1400,n+p+D2+B10+Al27,1,0.001
1401,n+p+p+p+p+B11+C12,1,0.001
1402,n+n+n+n+n+p+p+D2+He3+He4+C12,1,0.001
1403,pi-+p+D2+D2+He4+He4+C12+C12,1,0.001
1404,pi-+n+n+p+p+p+p+He4+O18,1,0.001
1405,pi++n+n+n+n+p+p+T3+He4+C12+Al27,1,0.001
1406,n+p+p+D2+T3+He6,1,0.001
1407,n+n+p+p+p+p+p+T3+Li6,1,0.001
1408,n+p+D2+D2+D2+D2+T3,1,0.001
1409,n+T3+He4+Li6,1,0.001
1410,pi-+n+n+n+n+n+n+p+p+p+p+p+D2+He3+He4+He4+He4,1,0.001
1411,n+p+D2+T3+He3+He4+C12,1,0.001
1412,p+p+p+p+p+p+C12+C12+C13,1,0.001
1413,n+n+n+p+p+p+p+D2+D2+T3+C12,1,0.001
1414,n+n+n+p+p+p+p+F21,1,0.001
1415,pi-+n+n+n+p+p+p+He3+He4+Al27,1,0.001
1416,n+n+p+D2+He4+C12+F19,1,0.001
1417,p+p+p+D2+B11+C12+C12+C12,1,0.001
1418,n+p+p+D2+D2+Li7,1,0.001
1419,n+n+n+n+n+p+p+p+p+D2+D2+He4+B11+C12+C12,1,0.001
1420,n+p+D2+T3+He4+He4+C12,1,0.001
1421,n+n+n+n+n+n+p+p+p+p+p+D2+He4+B11,1,0.001
1422,pi-+n+n+p+D2+D2+He3+He3,1,0.001
1423,n+n+n+D2+B8,1,0.001
1424,n+n+n+n+p+D2+D2+He3+He4+C12,1,0.001
1425,n+n+n+p+B10+C12,1,0.001
1426,n+n+He4+Be7+C12+C12+C12,1,0.001
1427,pi-+n+n+n+p+C12+Al24,1,0.001
1428,n+p+p+p+Li10+C12,1,0.001
1429,n+n+p+D2+He4+He4+N15,1,0.001
1430,n+p+p+p+Na25,1,0.001
1431,p+p+p+p+Li10+C12,1,0.001
1432,pi-+n+p+He3+He4+He4+C12+C13,1,0.001
1433,n+n+n+n+p+p+p+p+p+p+D2+He4,1,0.001
1434,n+p+p+p+T3+He4+He6+B11+C12,1,0.001
1435,p+p+p+p+p+C12+C12+C12+C12+C12,1,0.001
1436,pi++n+n+n+p+p+D2+T3+T3,1,0.001
1437,n+n+p+p+He4+He4+He4+He4+Li8+C12,1,0.001
1438,n+n+n+p+p+D2+D2+He4+N15,1,0.001
1439,n+n+n+n+p+p+p+D2+F19+Al27,1,0.001
1440,pi-+C12+C12+N13,1,0.001
1441,n+p+p+p+C12+C12+C12+C12+Al27,1,0.001
1442,n+n+C11+C12+C13,1,0.001
1443,n+n+n+n+n+n+n+p+p+p+p+p+p+p,1,0.001
1444,n+n+n+n+p+p+p+p+D2+D2+D2+T3+He4+Li7,1,0.001
1445,pi-+n+n+n+p+p+He4+Li4+C12,1,0.001
1446,n+n+p+p+p+p+p+D2+Li7,1,0.001
1447,pi-+n+n+n+p+Al24,1,0.001
1448,pi-+n+n+n+n+p+p+p+p+D2+F18,1,0.001
1449,n+p+p+C12+C12+C13,1,0.001
1450,pi-+n+n+n+p+p+p+Be7+C12+C12,1,0.001
1451,n+n+p+p+Be9+C12+C12+C12,1,0.001
1452,pi-+n+p+p+p+D2+T3+T3+He4+He4+He4+He4,1,0.001
1453,n+p+p+p+p+He4+Li7,1,0.001
1454,pi-+n+p+p+D2+Be9,1,0.001
1455,n+n+p+p+T3+T3+He4+He4+He4+Li6,1,0.001
1456,n+n+p+p,1,0.001
1457,n+n+D2+He4+Li6+C12,1,0.001
1458,n+n+n+D2+D2+Be6+C12+C12,1,0.001
1459,n+n+n+n+p+p+He3+He4+C12+Al27,1,0.001
1460,pi++n+n+p+T3+T3+He4+Al27,1,0.001
1461,pi-+n+p+p+He4+C12+Ne21,1,0.001
1462,n+n+n+p+p+p+He3+Li6,1,0.001
1463,p+D2+Be10+C12,1,0.001
1464,pi-+n+n+n+p+p+D2+B7,1,0.001
1465,n+n+He4+He4+Li6+C12,1,0.001
1466,pi-+p+D2+C12+C13,1,0.001
1467,pi++n+n+n+n+n+p+p+p+D2+T3+C12,1,0.001
1468,n+p+Mg26+Al27,1,0.001
1469,n+p+p+p+p+Be10+C12+C12,1,0.001
1470,pi++n+n+n+n+p+D2+Ne21,1,0.001
1471,n+n+p+p+p+p+p+He7+C12,1,0.001
1472,n+n+p+p+p+He4+He6,1,0.001
1473,p+C12+Mg27,1,0.001
1474,e-+n+n+n+n+p+p+Na22,1,0.001
1475,p+C12+C12+C12+C12+Al27,1,0.001
1476,n+n+n+n+p+p+p+p+He4+He4+He4+Li8+C12,1,0.001
1477,p+p+p+D2+He8+C12,1,0.001
1478,n+n+n+p+p+p+D2+Li7,1,0.001
1479,n+n+n+n+p+p+p+p+D2+D2+T3+T3+He4+Li6+C12,1,0.001
1480,n+n+p+p+C12,1,0.001
1481,pi++n+n+n+n+p+Be9,1,0.001
1482,n+B11+O16,1,0.001
1483,n+n+p+Al26+Al27,1,0.001
1484,n+n+p+C11+C13+Al27,1,0.001
1485,n+D2+T3+He4+He4,1,0.001
1486,pi-+n+n+n+n+p+p+p+p+p+He4+C12+C12+C12,1,0.001
1487,n+n+n+n+p+p+D2+Be6+C12,1,0.001
1488,n+p+p+p+p+Li9+C12,1,0.001
1489,pi++n+n+n+p+T3+Li6+C12,1,0.001
1490,n+n+He4+Be7+C12+C12+Al27,1,0.001
1491,n+n+n+n+p+p+p+He3+He4+Li6+Li8,1,0.001
1492,n+n+n+n+p+He3+He4+He4+C12,1,0.001
1493,n+n+n+p+p+D2+He4+He4,1,0.001
1494,n+n+n+p+p+T3+T3+He3,1,0.001
1495,n+n+n+p+p+D2+D2+F19,1,0.001
1496,p+p+p+T3+F22,1,0.001
1497,p+p+p+p+p+C12+C12+Al27,1,0.001
1498,pi-+pi++n+C12,1,0.001
1499,pi-+n+p+D2+D2+D2+D2+He3,1,0.001
1500,n+n+n+n+n+p+p+p+p+p+He4+C12+C12,1,0.001
1501,pi-+n+p+He4+He4+He4+C12+C12+Al27,1,0.001
1502,pi-+n+n+p+p+p+D2+Li6+C12+C12+C12+C12+C12,1,0.001
1503,pi-+n+n+n+p+p+p+C12+Na22,1,0.001
1504,n+n+n+n+n+p+B7+C12+C12,1,0.001
1505,pi-+n+n+n+p+p+p+He3+Li7+C12,1,0.001
1506,n+n+n+n+p+p+He3+He4+C12+C12+C12,1,0.001
1507,n+n+n+p+D2+D2+D2+He3+C12,1,0.001
1508,pi++n+n+n+p+p+T3+T3+He3,1,0.001
1509,pi-+n+n+n+n+p+p+p+He3+He3+He4+He4+He4+He4,1,0.001
1510,n+n+p+D2+D2+D2+He4+Al27,1,0.001
1511,n+n+n+p+p+D2+T3+He3+C12+C12,1,0.001
1512,n+n+n+p+D2+D2+D2+He4+N14,1,0.001
1513,n+n+n+n+n+n+p+p+p+p+F18,1,0.001
1514,pi++n+n+n+T3+Be7,1,0.001
1515,pi-+n+p+Li6+Be6,1,0.001
1516,n+n+n+n+p+p+He4+C12+C12+F18,1,0.001
1517,n+p+p+T3+He4+He4+Al27,1,0.001
1518,pi-+n+p+p+Mg25+Al27,1,0.001
1519,n+n+n+p+p+p+D2+T3+T3+He4+He4+Li6,1,0.001
1520,n+p+p+p+p+He4+He8+B11+C12,1,0.001
1521,p+C12+C13,1,0.001
1522,n+n+n+n+n+p+D2+He3+He4+Li6+Be7,1,0.001
1523,pi-+n+He3+He3+Li6,1,0.001
1524,n+p+D2+He4+Li7+C13,1,0.001
1525,n+n+n+n+p+p+p+He4+He4+Li6+Li7,1,0.001
1526,n+p+p+D2+H4+He4+C12,1,0.001
1527,n+n+p+p+D2+D2+Be9+B11,1,0.001
1528,pi-+p+p+p+p+T3+He6,1,0.001
1529,pi-+p+p+p+p,1,0.001
1530,p+p+T3+He4+Li6+C12+C12,1,0.001
1531,pi-+n+p+p+D2+Na23,1,0.001
1532,n+n+n+n+p+p+Be7+Al27,1,0.001
1533,pi-+n+n+p+p+He4+C12+Ne20,1,0.001
1534,pi-+n+n+n+n+He3+B7,1,0.001
1535,n+p+p+He4+Li7+C12+C12+C12+C12,1,0.001
1536,pi-+n+p+He4+He4+Li6+C12,1,0.001
1537,p+p+C12+C12+C12+C12+C13,1,0.001
1538,n+n+C11+C13,1,0.001
1539,n+n+n+n+p+p+p+p+D2+He4+C12+C14,1,0.001
1540,pi-+p+p+p+Na25,1,0.001
1541,n+n+n+n+n+n+p+p+p+p+p+He3+C12,1,0.001
1542,p+p+p+C12+C12+C12+C12+C12+C12+C13,1,0.001
1543,n+n+n+n+p+p+He3+He4+Al27,1,0.001
1544,n+n+n+p+p+D2+Li7+N14,1,0.001
1545,n+n+n+n+p+p+p+p+T3+He3+He4+He4+He6,1,0.001
1546,n+p+p+p+p+B11+Al27,1,0.001
1547,n+n+n+n+p+p+p+He4+He4+C13,1,0.001
1548,n+n+n+p+p+Li6+O17,1,0.001
1549,pi-+p+p+p+T3+He4+He4+C12+C12,1,0.001
1550,n+n+n+n+p+p+p+He3+He4+Al27,1,0.001
1551,pi-+p+p+p+He4+Li7+C12,1,0.001
1552,pi-+n+p+p+D2+D2+D2+He4+C12+C12,1,0.001
1553,pi-+n+n+p+p+p+He3+F20,1,0.001
1554,n+n+n+p+p+p+D2+He6,1,0.001
1555,pi-+n+n+p+He4+Na21,1,0.001
1556,pi-+n+n+p+p+p+p+D2+T3+He4+C13,1,0.001
1557,pi++n+n+n+p+p+p+T3+H4+C12,1,0.001
1558,n+n+p+C11+C12+C12+C12+C12,1,0.001
1559,n+n+He4+Li6+C12+O16,1,0.001
1560,n+n+n+n+p+p+p+D2+D2+T3+He4+He4+Li6,1,0.001
1561,n+n+p+p+p+C12+C12+Na24,1,0.001
1562,n+n+n+n+n+n+n+p+p+p+p+p+p+T3+C12,1,0.001
1563,n+n+n+p+p+He4+Li6,1,0.001
1564,pi++n+n+n+n+n+p+He3+He4+C12+C12,1,0.001
1565,pi-+n+n+p+p+D2+He4+He4+He4+He4+Li6,1,0.001
1566,p+p+D2+He4+Li7+C12,1,0.001
1567,n+p+p+p+D2+Be9+C12,1,0.001
1568,n+n+p+p+He3+He4+He4+C12,1,0.001
1569,n+n+n+n+p+p+C12+Mg23,1,0.001
1570,pi++n+n+n+n+n+p+He3+He4+C12,1,0.001
1571,pi++n+n+n+n+n+n+p+p+He4+He4+He4+He4+He4,1,0.001
1572,pi++n+n+n+D2+D2+D2+He4,1,0.001
1573,p+T3+He4+Li6,1,0.001
1574,n+n+n+p+p+p+He6+O16,1,0.001
1575,p+p+He4+Be9+C12+Al27,1,0.001
1576,n+n+n+p+D2+He4+Li4,1,0.001
1577,p+p+T3+Be9,1,0.001
1578,n+n+n+p+p+p+D2+He3+He6+B11+C12,1,0.001
1579,n+n+n+n+n+p+p+p+p+Li7+C12,1,0.001
1580,n+p+p+B11+C12+N15,1,0.001
1581,n+n+p+p+p+D2+He6+C12+C12,1,0.001
1582,pi-+n+n+p+p+p+D2+He4+He4+Li6+Li7,1,0.001
1583,pi-+n+n+n+p+p+p+p+He4+C12+O17,1,0.001
1584,pi-+n+n+n+n+p+p+p+p+C13+Ne20,1,0.001
1585,n+D2+B10+C12+C12,1,0.001
1586,n+p+p+He4+Li7+C13,1,0.001
1587,n+n+p+p+p+Be9+C14,1,0.001
1588,n+n+p+p+D2+D2+He4+N16,1,0.001
1589,n+n+n+n+n+p+p+p+p+p+T3+He4+He4+Li7,1,0.001
1590,n+n+n+n+n+p+p+p+D2+He4+C12+N14,1,0.001
1591,n+n+n+n+n+p+p+p+D2+F18,1,0.001
1592,pi-+n+n+p+p+p+D2+He3+He4+C12,1,0.001
1593,pi++n+n+n+n+p+p+C12+Ne22,1,0.001
1594,n+n+n+n+n+p+p+p+T3+He3,1,0.001
1595,pi++n+p+He6+Li6,1,0.001
1596,n+n+p+p+p+p+p+p+He7,1,0.001
1597,n+n+n+p+D2+D2+He4+He4+He4+He4+He4,1,0.001
1598,n+n+p+p+D2+T3+He4+He4+B11,1,0.001
1599,p+p+p+p+p+C12+C12+C12+C12+Al27,1,0.001
1600,n+n+n+p+p+D2+Li6+C12+N15,1,0.001
1601,n+n+n+n+p+p+p+He3+Be9+Be9,1,0.001
1602,n+n+p+p+p+p+p+C12+Na24,1,0.001
1603,n+p+p+p+D2+B10+C12,1,0.001
1604,n+n+n+n+n+p+p+He3+Li4,1,0.001
1605,pi++n+n+n+n+n+p+p+He4+O17,1,0.001
1606,n+n+p+p+T3+Li7+C12,1,0.001
1607,n+p+p+p+p+C12+C12+C12+C12,1,0.001
1608,n+n+n+p+p+p+D2+He4+He4,1,0.001
1609,n+n+n+p+p+D2+D2+He4+C12+C13,1,0.001
1610,n+n+n+p+p+He4+He4+He4+B11+Al27,1,0.001
1611,n+p+p+Li7+O18,1,0.001
1612,p+p+He6+Li6+Al27,1,0.001
1613,pi-+p+p+p+p+T3+He6+C12,1,0.001
1614,n+n+p+p+He4+He4+He4+B12,1,0.001
1615,n+n+n+p+p+p+p+p+O20,1,0.001
1616,pi-+n+n+p+p+D2+He4+He4+C12,1,0.001
1617,n+n+n+n+n+n+n+p+p+p+p+D2+He4+C11+C12,1,0.001
1618,pi-+pi-+n+n+p+p+p+p+He3+He4,1,0.001
1619,pi++n+n+p+D2+D2+He6,1,0.001
1620,n+p+He4+Li8+C12,1,0.001
1621,pi-+n+n+n+p+p+p+p+p+D2+He4+C14,1,0.001
1622,n+n+n+n+B10+O14,1,0.001
1623,n+n+n+n+p+He4+Be7+C12+C12,1,0.001
1624,pi-+n+n+n+n+p+p+p+He3+He4+C12,1,0.001
1625,pi++n+n+p+T3+Li8,1,0.001
1626,n+n+n+n+p+p+D2+He3+He4+C13,1,0.001
1627,pi++n+n+n+p+p+p+Li8+C12+C12+C12,1,0.001
1628,n+p+p+He4+He4+He4+Al27,1,0.001
1629,n+p+p+He4+Na23,1,0.001
1630,pi-+n+n+n+p+p+p+He3+He4+C13,1,0.001
1631,n+n+p+p+p+p+F22,1,0.001
1632,pi-+pi++n+p+p+Be10+C12,1,0.001
1633,pi-+n+n+n+p+p+p+p+He3+He4+C12,1,0.001
1634,pi-+n+p+p+p+p+p+T3+H4,1,0.001
1635,n+n+n+p+p+p+D2+He6+N14,1,0.001
1636,pi++n+n+C12+C13+Mg26,1,0.001
1637,n+n+n+n+n+p+p+p+p+D2+D2+C12+C12,1,0.001
1638,n+n+n+p+p+p+p+C12+Ne22,1,0.001
1639,n+n+p+p+p+D2+T3+T3+Al27,1,0.001
1640,n+p+D2+He4+He6,1,0.001
1641,pi-+n+T3+C9+C12,1,0.001
1642,n+n+n+p+D2+D2+Ne20,1,0.001
1643,n+n+C13+N13,1,0.001
1644,n+n+p+He4+He4+He4+C13,1,0.001
1645,n+p+p+D2+Li8+C12+C12+C12+C12,1,0.001
1646,pi++n+n+D2+Be9+C12,1,0.001
1647,n+n+n+n+n+p+p+p+D2+He3+He4+B11,1,0.001
1648,n+n+p+p+p+C11+C12+C12,1,0.001
1649,pi-+n+p+C12+C12+Al26,1,0.001
1650,n+n+n+n+n+p+p+p+p+He4+He4+C12,1,0.001
1651,n+n+n+n+p+p+p+p+Na22,1,0.001
1652,pi-+n+n+n+n+p+p+p+p+p+He4+C12+N15,1,0.001
1653,pi-+n+n+n+n+p+p+p+p+p+C12+Ne20,1,0.001
1654,n+p+p+p+T3+H4+He3,1,0.001
1655,n+n+n+p+p+D2+D2+D2+T3+Li7+Be7,1,0.001
1656,n+p+C13,1,0.001
1657,n+n+n+n+p+p+D2+T3+He3+He4+He4+Li6+C12,1,0.001
1658,n+n+n+n+n+p+p+D2+D2+He3+He4+He4+Li6,1,0.001
1659,pi++n+n+n+p+D2+T3+He4+He4+B11,1,0.001
1660,n+p+p+p+C12+Al27,1,0.001
1661,p+p+He4+Li8+C12,1,0.001
1662,n+n+n+He3+He4+F18,1,0.001
1663,n+n+n+p+p+D2+D2+He4+C13,1,0.001
1664,n+p+Be9+C12+O17,1,0.001
1665,pi-+n+n+n+n+p+p+p+p+D2+He4,1,0.001
1666,pi-+n+n+p+D2+C12+Mg23,1,0.001
1667,n+n+n+n+n+p+p+p+p+He4+He4+B11,1,0.001
1668,pi-+n+N12+Al27,1,0.001
1669,n+n+n+n+n+p+Mg22,1,0.001
1670,n+n+p+p+p+D2+T3+He4+C12+Al27,1,0.001
1671,n+n+n+p+p+p+p+He4+He4+C12+C12+C12,1,0.001
1672,n+n+p+p+p+p+D2+T3+He4+C12,1,0.001
1673,n+n+n+p+p+D2+T3+T3+He3+He4+He4+He4,1,0.001
1674,n+n+n+n+n+p+p+D2+Li4+C12,1,0.001
1675,pi-+n+n+p+D2+D2+Be6+C12,1,0.001
1676,n+D2+T3+Na22,1,0.001
1677,n+n+n+n+p+p+p+He4+He4+N14,1,0.001
1678,pi-+n+p+He3+He4+C12+F19,1,0.001
1679,pi-+pi-+n+p+p+p+He3+Li6,1,0.001
1680,n+n+p+p+B10+Al27,1,0.001
1681,n+n+n+p+p+p+p+D2+Li6+C12+C12,1,0.001
1682,pi-+Li6+Be7,1,0.001
1683,p+p+Na26,1,0.001
1684,n+n+n+n+n+p+p+B7,1,0.001
1685,pi-+n+n+n+p+p+p+p+He4+He4+He4+Be9,1,0.001
1686,n+n+n+p+p+C12+Al25,1,0.001
1687,n+n+n+p+p+p+T3+F19,1,0.001
1688,n+n+n+n+p+p+Li6+C13+O16,1,0.001
1689,pi-+n+n+p+He3+He4+He4,1,0.001
1690,n+n+p+p+He4+He4+He4+B12+C12,1,0.001
1691,pi-+n+n+p+p+C12+Al25,1,0.001
1692,n+p+p+D2+T3+Li6,1,0.001
1693,p+p+C13,1,0.001
1694,pi++n+n+n+p+p+p+F22,1,0.001
1695,n+p+D2+He4+Li6+C12+C12,1,0.001
1696,n+n+n+p+p+D2+He4+Li6+C12+C12,1,0.001
1697,n+n+n+p+D2+He4+He4+He4+He4+Li6,1,0.001
1698,n+p+C12+C12+C12+C12+C12+C12+C12+C12,1,0.001
1699,pi++n+p+D2+He4+He6,1,0.001
1700,n+n+n+p+p+p+D2+Be7+C12,1,0.001
1701,n+p+p+p+Be11+C12,1,0.001
1702,n+n+n+p+p+D2+He4+Be7+Be10,1,0.001
1703,p+H4+He4+He4,1,0.001
1704,n+p+He4+He4+He4+C12+C12+C13,1,0.001
1705,n+n+p+D2+Be9,1,0.001
1706,n+n+p+He4+Be7+C13,1,0.001
1707,n+n+C12+C13+Al26,1,0.001
1708,p+p+D2+Be10+C12+C12+C12,1,0.001
1709,n+n+n+p+p+p+D2+D2+He4+C12+Al27,1,0.001
1710,n+n+p+p+He4+Li6+C12+N15,1,0.001
1711,n+n+p+p+p+p+p+T3+H4,1,0.001
1712,p+p+p+C12+C12+C12+Al27,1,0.001
1713,n+n+p+He4+C12+Na22,1,0.001
1714,n+n+n+p+He4+C12+C12+Ne20,1,0.001
1715,pi-+p+p+p+He4+He6,1,0.001
1716,n+n+n+n+p+p+p+C12+C12+Ne21,1,0.001
1717,n+n+n+n+p+p+p+p+D2+T3+He4+B11,1,0.001
1718,n+p+He4+C12+C12+Na23,1,0.001
1719,pi-+n+n+p+p+D2+T3+Li4,1,0.001
1720,pi-+n+n+n+p+p+p+p+p+D2+T3+C12,1,0.001
1721,pi-+n+Li6+Be6+C13,1,0.001
1722,n+n+p+p+p+p+B10+C12,1,0.001
1723,pi++n+n+n+p+p+p+D2+He6+C12,1,0.001
1724,pi-+n+p+p+p+T3+T3+He3,1,0.001
1725,n+n+p+p+D2+T3+He4+C12+C12+C13,1,0.001
1726,n+n+n+n+n+p+p+D2+D2+D2+He3+C12,1,0.001
1727,n+n+n+p+p+He4+C12+Ne20,1,0.001
1728,pi-+n+p+p+He3+He4+He4+C12+C12,1,0.001
1729,pi++n+n+n+n+p+p+He4+O18,1,0.001
1730,n+n+n+n+n+p+p+p+p+D2+D2+D2+C13,1,0.001
1731,n+n+n+n+p+p+p+D2+D2+He4+C13,1,0.001
1732,pi++p+He6+He6,1,0.001
1733,n+n+p+C12+Al27,1,0.001
1734,n+p+p+p+p+p+p+C12+C12,1,0.001
1735,n+n+n+p+p+He3+Li6+C12+C14,1,0.001
1736,n+n+p+p+p+Be9+N15,1,0.001
1737,n+n+p+p+p+Mg25,1,0.001
1738,pi-+n+n+n+p+p+p+p+p+D2+He4+C12+C12,1,0.001
1739,pi-+n+p+p+p+p+Be9+C12,1,0.001
1740,n+n+p+D2+B10+C13,1,0.001
1741,p+p+p+He4+Be9,1,0.001
1742,pi++n+n+n+n+D2+Be7,1,0.001
1743,n+n+n+p+p+D2+He4+F18,1,0.001
1744,n+n+n+p+p+D2+Be7+C12,1,0.001
1745,n+n+n+p+p+p+p+T3+T3+Al27,1,0.001
1746,n+n+p+p+D2+He4+He4+C12+C13,1,0.001
1747,p+p+D2+B11+C12+Al27,1,0.001
1748,p+Li6+Li7+C12+C12+C12+C12,1,0.001
1749,pi++p+p+D2+Li10,1,0.001
1750,pi++n+p+D2+T3+T3+T3,1,0.001
1751,p+p+p+C12+C12+C13,1,0.001
1752,pi-+n+p+p+p+p+C12+Ne23,1,0.001
1753,p+p+p+p+p+C13,1,0.001
1754,p+C12+C12+Al27,1,0.001
1755,n+n+p+p+C12+Al26,1,0.001
1756,n+n+n+p+p+p+B10+C13,1,0.001
1757,n+n+n+p+T3+He3+He4+He4+He4+Li6,1,0.001
1758,n+p+p+Be10+C13,1,0.001
1759,n+n+p+p+B11+C12+C12,1,0.001
1760,n+p+p+p+p+D2+He7,1,0.001
1761,n+p+C12+C13,1,0.001
1762,pi-+n+n+p+p+He4+Be6,1,0.001
1763,n+n+n+p+He4+He4+C12+C12+O16,1,0.001
1764,n+n+p+p+p+p+He4+O19,1,0.001
1765,pi-+n+C12+C13+N12,1,0.001
1766,n+n+n+p+p+p+T3+Li6+C13,1,0.001
1767,n+n+n+n+n+n+n+p+p+p+p+p+D2+T3+He3+He4+He4+C12,1,0.001
1768,pi-+n+n+D2+D2+B7,1,0.001
1769,n+n+n+p+p+p+T3+T3+He4+He4+He4+He4,1,0.001
1770,pi-+n+p+p+p+T3+He4+He4+Li6+Li7,1,0.001
1771,p+p+p+Al27,1,0.001
1772,pi++n+n+p+C12+Na25,1,0.001
1773,n+n+n+p+p+p+He4+He4+C14,1,0.001
1774,n+n+n+p+p+p+p+He4+He4+C13,1,0.001
1775,n+n+n+n+n+n+p+p+p+p+D2+D2+Li7+Be7,1,0.001
1776,n+p+C13+Mg26,1,0.001
1777,n+n+n+n+n+p+p+p+p+p+T3+N15,1,0.001
1778,n+p+He4+He4+He4+C13,1,0.001
1779,n+p+p+B12,1,0.001
1780,n+n+n+n+n+p+p+p+p+p+p+p+D2+D2,1,0.001
1781,n+n+n+n+p+He4+He4+O15,1,0.001
1782,pi-+n+N13,1,0.001
1783,pi++n+n+n+n+p+He4+C12+F19,1,0.001
1784,n+p+p+p+p+Li9+C12+C12,1,0.001
1785,n+n+n+p+p+p+He4+He4+He4+B11,1,0.001
1786,n+n+D2+He4+Ne20,1,0.001
1787,p+p+D2+T3+He4+He4+C12,1,0.001
1788,n+n+n+p+He3+Li7,1,0.001
1789,pi-+p+He4+He4+He4+C12+C12+C12,1,0.001
1790,pi-+n+n+p+p+Al25+Al27,1,0.001
1791,n+n+n+n+n+p+p+p+C12+C12+Ne20,1,0.001
1792,pi-+n+p+p+B10+C12+Al27,1,0.001
1793,n+n+n+p+p+p+D2+D2+D2+D2+C14,1,0.001
1794,n+n+n+n+n+p+p+B7+C12,1,0.001
1795,pi-+n+n+n+p+p+p+p+D2+D2+D2+T3+He4+He4+He4,1,0.001
1796,pi-+n+n+p+B10+C12+O15,1,0.001
1797,pi-+n+p+p+p+p+Na24,1,0.001
1798,n+p+p+p+D2+He7+C12,1,0.001
1799,n+n+p+p+D2+D2+T3+He3+C12,1,0.001
1800,n+n+p+p+Li6+C12+C12+O18,1,0.001
1801,n+p+p+p+D2+H4+He4,1,0.001
1802,p+p+He4+Be9+C12+C12,1,0.001
1803,pi-+n+n+n+n+n+p+p+p+p+p+p+D2+C12,1,0.001
1804,pi-+n+n+D2+C9+C12,1,0.001
1805,n+n+n+p+T3+He3+He4+N14,1,0.001
1806,n+p+Li6+Ne21,1,0.001
1807,n+n+n+p+D2+He4+Li6+C12+C12,1,0.001
1808,pi-+n+n+p+p+p+D2+Be7+C12,1,0.001
1809,n+p+p+p+He4+He4+Li8+Li8,1,0.001
1810,n+n+n+p+p+p+D2+Ne21,1,0.001
1811,n+p+p+D2+D2+He6+C12,1,0.001
1812,pi-+p+p+p+Mg26,1,0.001
1813,n+n+n+n+n+p+p+p+p+He4+C12+C12+C12,1,0.001
1814,n+p+p+p+Be10+C12+C13,1,0.001
1815,n+n+n+n+n+n+n+p+p+p+p+p+p+D2+D2+He4+Li7,1,0.001
1816,n+n+p+He4+Li6+C12+C13,1,0.001
1817,pi++n+n+n+He4+Li7+C12,1,0.001
1818,n+n+n+p+D2+D2+He4+C12+O16,1,0.001
1819,n+n+p+p+T3+He4+Li6+B11,1,0.001
1820,n+n+p+He4+Li6+C12+C12+C13,1,0.001
1821,pi-+n+p+He3+He4+He4+C12+C12,1,0.001
1822,pi++n+n+C12+C13,1,0.001
1823,n+n+p+p+T3+He4+O17,1,0.001
1824,n+n+n+p+p+D2+Be7+C12+C12,1,0.001
1825,n+p+p+p+D2+He7+C12+C12,1,0.001
1826,n+p+He4+Li7+C12+C12+C12+C12,1,0.001
1827,pi-+n+p+p+p+Be9+Al27,1,0.001
1828,pi-+n+n+p+p+C12+C12,1,0.001
1829,pi-+n+p+C11+C12+C12+C12+C12+C12,1,0.001
1830,n+n+n+n+p+p+p+p+T3+He4+He4+Be9+C12,1,0.001
1831,pi++n+n+n+n+p+p+T3+He4+C12+C12+C12,1,0.001
1832,p+He6+Li6+C12+C12,1,0.001
1833,n+n+n+n+p+p+D2+He3+He3+C12,1,0.001
1834,pi-+n+n+n+n+n+p+p+p+p+p+He3+C12,1,0.001
1835,pi-+n+p+p+D2+He4+He4+C12+Al27,1,0.001
1836,pi-+n+p+p+Al26,1,0.001
1837,n+n+n+p+D2+He4+He4+C12+N14,1,0.001
1838,n+n+D2+He4+Li6+N14,1,0.001
1839,n+n+p+p+T3+T3+He4+N14,1,0.001
1840,n+n+n+p+D2+D2+He4+He4+C12,1,0.001
1841,pi-+n+p+p+He4+Li6+C12+C12,1,0.001
1842,n+n+n+p+p+p+p+T3+T3+C12+C12,1,0.001
1843,n+n+n+n+p+p+He4+He4+He4+He4+Li6,1,0.001
1844,n+n+n+n+p+p+D2+Be6+C12+C12,1,0.001
1845,n+n+p+p+p+T3+Li8+C12,1,0.001
1846,n+n+n+D2+He4+Li4+C12,1,0.001
1847,n+n+n+n+n+p+p+p+p+He4+C12+C13,1,0.001
1848,n+n+n+p+p+He4+He4+C12+N15,1,0.001
1849,p+p+He4+Ne23,1,0.001
1850,n+n+n+n+p+p+p+T3+T3+He4+C11,1,0.001
1851,n+n+p+p+p+D2+Li7+C12+C12,1,0.001
1852,n+n+C12+C12+Al26+Al27,1,0.001
1853,n+n+He4+Be7+C12+Al27,1,0.001
1854,n+n+n+p+p+D2+He4+C12+O17,1,0.001
1855,n+D2+C12+Mg25,1,0.001
1856,n+n+p+p+Be9+C12+C13,1,0.001
1857,n+n+n+n+p+p+p+He4+Li7+B10,1,0.001
1858,n+n+n+p+p+D2+He4+Li6+B11,1,0.001
1859,n+n+n+n+p+p+D2+Li6+N14,1,0.001
1860,n+n+p+p+He4+Li6+C14,1,0.001
1861,pi++n+n+n+n+n+p+p+p+D2+He4+C12,1,0.001
1862,n+n+p+He4+He4+O17,1,0.001
1863,pi-+n+p+p+C12+C12,1,0.001
1864,n+p+p+p+p+T3+He4+He4+C12+C12,1,0.001
1865,n+n+n+p+p+T3+He4+He4+Li6+Li6,1,0.001
1866,n+p+D2+D2+T3+He4+C12+C12,1,0.001
1867,n+n+n+n+p+p+Be7+C12+C13,1,0.001
1868,pi-+n+p+p+p+D2+H4+He3,1,0.001
1869,n+n+n+n+n+n+p+p+p+p+p+D2+T3+He4+He4+He4,1,0.001
1870,n+n+p+p+D2+He4+He4+C12+C14,1,0.001
1871,n+n+C12+Al26+Al27,1,0.001
1872,n+He4+He4+He4+C12+N15,1,0.001
1873,pi-+n+p+C12+Al27,1,0.001
1874,n+n+p+D2+He4+He4+C12+N15,1,0.001
1875,n+n+n+n+p+p+p+D2+D2+T3+T3+He3+He4+He4,1,0.001
1876,n+n+n+He4+Be7+C12,1,0.001
1877,n+n+n+p+C12+C12,1,0.001
1878,n+n+He4+He4+He4+He4+B10,1,0.001
1879,n+n+n+n+p+D2+He3+He3+C13,1,0.001
1880,n+n+T3+He4+He4+He4+C11,1,0.001
1881,n+p+p+B11+C12+C12+C12+C12,1,0.001
1882,n+n+p+p+Be9+Al27,1,0.001
1883,n+n+n+p+He4+Be7+C12+C13,1,0.001
1884,pi-+n+p+He3+He4+He4+C13,1,0.001
1885,n+n+n+n+p+p+D2+He3+He3,1,0.001
1886,pi-+n+n+n+p+p+D2+Na21,1,0.001
1887,pi-+pi++n+n+He3+He4+He4,1,0.001
1888,n+n+n+p+T3+He3+He3+C12+C12,1,0.001
1889,n+n+n+n+n+p+p+p+Li6,1,0.001
1890,n+n+p+p+He4+C12+Ne21,1,0.001
1891,pi-+n+n+n+p+He4+He4+He4+He4+B8,1,0.001
1892,p+p+p+p+He9,1,0.001
1893,pi-+n+n+n+p+p+p+p+D2+D2+D2,1,0.001
1894,pi++n+n+n+n+D2+Na22,1,0.001
1895,p+p+T3+He4+Li6,1,0.001
1896,p+p+p+D2+Be10,1,0.001
1897,n+n+n+p+p+D2+T3+Li4,1,0.001
1898,n+D2+T3+He4+Li6+C12,1,0.001
1899,n+He4+C12+Na23,1,0.001
1900,n+n+p+p+p+Be10+C12+C12,1,0.001
1901,n+n+n+p+p+p+D2+D2+He4+Al27,1,0.001
1902,pi-+n+n+p+p+p+p+p+He6+C12,1,0.001
1903,pi-+n+p+p+p+p+D2+D2+H4+C12,1,0.001
1904,n+n+n+n+n+p+p+p+p+p+D2+D2+C12,1,0.001
1905,n+n+n+p+D2+Li6+C12+O16,1,0.001
1906,n+n+n+n+n+p+p+D2+He3+O16,1,0.001
1907,n+n+n+p+p+p+p+D2+Be7+C12,1,0.001
1908,pi-+n+p+p+p+He3+He6+C12,1,0.001
1909,pi++n+n+n+n+n+p+D2+D2+He4,1,0.001
1910,pi-+n+p+D2+D2+He4+He4,1,0.001
1911,pi++n+n+n+He4+Li7,1,0.001
1912,n+n+n+n+p+p+p+p+D2+He4+C12+C12+C12,1,0.001
1913,n+p+p+He6+Li6+C12,1,0.001
1914,p+p+p+D2+B11+Al27,1,0.001
1915,n+n+He4+Be7+C12+C13,1,0.001
1916,pi-+n+p+p+He4+Be7+C12,1,0.001
1917,n+p+p+D2+Be9+C12+C12,1,0.001
1918,n+n+p+He4+Be7+Al27,1,0.001
1919,pi-+pi++n+n+n+C10,1,0.001
1920,pi-+n+n+n+p+p+p+D2+Li6+N14,1,0.001
1921,pi-+pi++n+n+p+Mg25,1,0.001
1922,n+n+p+p+D2+Li7+C12+C12+C12,1,0.001
1923,p+p+D2+B11+C12+C12+C12+C13,1,0.001
1924,n+n+p+He4+He4+He4+C12+C12,1,0.001
1925,p+He4+Be9+C12+C12+C12+C12+Al27,1,0.001
1926,n+p+p+p+p+C12+C12+C12+C12+C12+C12,1,0.001
1927,n+n+n+p+D2+D2+T3+He3+He4+He4+Li6,1,0.001
1928,pi-+n+n+n+n+p+p+p+p+p+D2+D2+C12,1,0.001
1929,n+n+He4+C12+C12+Na22,1,0.001
1930,n+n+p+p+p+D2+D2+H4+C12,1,0.001
1931,n+n+p+p+p+C12+C12+Ne23,1,0.001
1932,pi++n+n+n+n+n+n+p+p+He4+He4+C12,1,0.001
1933,pi++n+n+n+n+n+p+He4+F18,1,0.001
1934,pi++n+n+n+n+n+p+p+D2+D2+D2+Al27,1,0.001
1935,n+n+n+n+p+p+p+D2+D2+D2+C12,1,0.001
1936,pi-+pi-+n+p+N11,1,0.001
1937,n+n+p+p+p+He3+He4+He4+C12+C12,1,0.001
1938,n+n+p+p+D2+T3+He4+N15,1,0.001
1939,pi-+n+p+p+p+p+p+Be9+C12,1,0.001
1940,n+p+D2+D2+He4+He4+C12+C12,1,0.001
1941,pi-+n+n+p+p+p+p+D2+D2+He4+C12,1,0.001
1942,n+n+p+D2+Mg24,1,0.001
1943,pi++n+n+n+n+n+p+p+p+D2+T3+C12+C12,1,0.001
1944,pi-+n+n+n+p+C9+C12+C12,1,0.001
1945,n+p+D2+He3+He6,1,0.001
1946,n+n+n+n+p+p+Na22+Al27,1,0.001
1947,n+n+n+p+p+p+p+p+Li7+C12,1,0.001
1948,n+n+n+p+p+p+Mg24,1,0.001
1949,n+n+p+p+p+Li8+C12+C12+O16,1,0.001
1950,pi++n+n+n+n+p+He4+He4+Al27,1,0.001
1951,p+T3+He4+Li6+C12+C12,1,0.001
1952,n+D2+B11,1,0.001
1953,pi++n+n+n+D2+D2+T3+He3,1,0.001
1954,pi-+pi++n+n+n+n+p+p+p+T3+He4,1,0.001
1955,n+n+n+n+p+p+p+p+Li7+C13,1,0.001
1956,n+n+p+B10+C12+C12+C13,1,0.001
1957,n+n+n+n+n+n+p+p+p+p+p+D2+Al27,1,0.001
1958,n+n+n+T3+He3+Li4,1,0.001
1959,n+n+He4+He4+C12+F18,1,0.001
1960,n+p+p+p+T3+T3+He4+C12,1,0.001
1961,pi++n+n+B12+C12,1,0.001
1962,p+p+p+T3+B10,1,0.001
1963,pi-+n+n+n+p+p+p+Be7+N15,1,0.001
1964,pi-+pi-+n+p+p+p+p+T3+He4+He4+C12,1,0.001
1965,n+n+n+n+p+p+D2+Li6+C12+C12+N14,1,0.001
1966,pi-+p+p+p+D2+H4+He4,1,0.001
1967,n+p+p+p+p+Be10+C12,1,0.001
1968,n+n+n+n+p+C9+C12,1,0.001
1969,n+n+n+p+p+T3+He4+He4+He4+He4+He4+C12,1,0.001
1970,n+n+p+p+Be10+C12+C12,1,0.001
1971,pi++n+n+He4+Li7+C12+Al27,1,0.001
1972,n+n+n+He4+He4+Be7+B10,1,0.001
1973,n+n+n+n+p+p+D2+D2+He4+Li7+Be7+Al27,1,0.001
1974,p+p+p+p+T3+He7,1,0.001
1975,n+p+D2+He4+He6+C12,1,0.001
1976,pi-+n+n+n+n+p+p+p+p+D2+D2+D2+D2+C12,1,0.001
1977,n+p+p+D2+D2+T3+He4+C12,1,0.001
1978,n+n+p+p+p+He4+O19,1,0.001
1979,n+n+p+p+p+B10+Al27,1,0.001
1980,n+n+p+p+He4+He4+He4+C12+N14,1,0.001
1981,n+n+C12+C12+C12+Al26,1,0.001
1982,n+n+p+p+p+p+p+D2+He4+He4+C12+C12,1,0.001
1983,n+n+n+p+D2+T3+Be7+C12,1,0.001
1984,n+n+p+p+p+He4+C12+O19,1,0.001
1985,n+n+n+n+D2+B7+C12,1,0.001
1986,p+p+p+He6+Li6+C12+C12+C12,1,0.001
1987,pi-+n+p+He4+Li6+O16,1,0.001
1988,n+n+n+p+p+p+p+Ne22,1,0.001
1989,n+p+p+D2+D2+He4+He4,1,0.001
1990,pi-+n+p+p+D2+He4+He4+C12+C13,1,0.001
1991,pi-+n+n+n+D2+C8,1,0.001
1992,pi-+n+p+p+p+p+D2+He4+He4,1,0.001
1993,pi++n+p+p+He4+He7,1,0.001
1994,p+D2+B11+C13,1,0.001
1995,n+n+n+n+n+p+p+p+D2+D2+D2+He4+He4+Li6,1,0.001
1996,n+p+C12+C12+C12+C12,1,0.001
1997,n+n+n+n+n+p+p+p+D2+He4+He4+B10+C12,1,0.001
1998,pi-+n+n+n+n+n+p+p+p+p+p+D2+He4+He4+He4+He4,1,0.001
1999,pi++n+n+D2+He3+He6,1,0.001
2000,n+n+n+n+n+n+p+p+p+p+He3+C12+C12,1,0.001
2001,n+p+T3+He3+He6,1,0.001
2002,pi-+pi++n+n+n+p+p+He4+He4+C12,1,0.001
2003,pi++n+n+n+p+D2+Li7+C12,1,0.001
2004,n+n+n+n+n+n+p+p+p+p+p+p+D2+He4+He4+Li7,1,0.001
2005,n+n+n+p+p+He4+He4+C12+C12+Al27,1,0.001
2006,pi++n+n+n+p+Be9+C13,1,0.001
2007,n+n+n+n+n+p+p+p+p+p+He4+C12+Al27+Al27,1,0.001
2008,n+n+p+T3+Li6+O16,1,0.001
2009,n+p+p+p+p+p+C12+C12+C12+C12+C12+Al27,1,0.001
2010,p+D2+B14+C11,1,0.001
2011,n+n+n+n+n+n+n+p+p+p+p+p+D2+N14,1,0.001
2012,n+n+n+D2+He4+Be7+C12,1,0.001
2013,n+n+n+p+p+p+p+p+p+D2+T3+He6+Li8,1,0.001
2014,pi++n+p+p+Be11,1,0.001
2015,n+n+n+n+n+p+He4+He4+He4+C10,1,0.001
2016,pi-+n+p+T3+He3+Li6,1,0.001
2017,n+n+n+p+C12+C12+Al25,1,0.001
2018,pi-+n+n+n+n+n+p+p+p+p+He3+O16,1,0.001
2019,n+n+n+p+p+T3+He3+He3+C12,1,0.001
2020,n+n+n+n+p+p+He4+He4+He4+He4+Be7,1,0.001
2021,n+n+p+p+p+p+T3+H4+C12,1,0.001
2022,pi-+n+n+n+n+p+p+p+He3+He4,1,0.001
2023,pi-+p+p+p+B12,1,0.001
2024,n+n+n+p+p+Li6+Li7+B10,1,0.001
2025,n+n+n+p+p+He4+C12+F19,1,0.001
2026,p+p+p+C12+C12+C12+C12+Al27,1,0.001
2027,n+n+p+p+D2+D2+T3+He4+C13,1,0.001
2028,n+n+n+n+p+p+p+D2+He4+C12+Al27,1,0.001
2029,n+p+p+p+He3+He7,1,0.001
2030,pi-+n+n+n+n+n+p+p+p+p+p+He4,1,0.001
2031,pi++n+n+p+p+D2+He8,1,0.001
2032,n+n+n+p+p+p+T3+He4+C13,1,0.001
2033,pi-+n+n+p+p+p+Li6+O17,1,0.001
2034,p+p+p+p+p+p+C12+C12+Al27,1,0.001
2035,p+p+p+p+C12+C12+Al27+Al27,1,0.001
2036,n+n+He3+He4+He4+C12+Al27,1,0.001
2037,pi-+n+p+p+He4+Li7+N14,1,0.001
2038,n+n+p+p+p+p+Li8+C12+C12+C12,1,0.001
2039,n+n+p+B10+C12+C13,1,0.001
2040,n+D2+T3+He3+He4+C12,1,0.001
2041,pi-+n+p+He4+C12+Na22,1,0.001
2042,n+n+n+p+p+p+p+He6+Al27,1,0.001
2043,n+p+p+He6+Li6,1,0.001
2044,n+n+n+n+n+n+p+p+p+p+He3+He4+B11,1,0.001
2045,pi-+n+n+p+D2+D2+D2+Li4,1,0.001
2046,n+n+n+p+p+D2+T3+He3+C12+Al27,1,0.001
2047,n+n+n+n+n+p+p+p+p+D2+T3+N14,1,0.001
2048,n+p+p+p+Be10+C13,1,0.001
2049,n+n+p+D2+He4+He4+C12+C12+C12+C12+C12+C12+C12,1,0.001
2050,n+n+n+n+p+p+p+p+D2+T3+T3+He4+He4+He4,1,0.001
2051,pi-+pi-+n+p+C12+N11,1,0.001
2052,n+n+n+p+p+p+p+T3+He4+C12+C12+C14,1,0.001
2053,n+n+n+n+p+p+Li6+C12+O16,1,0.001
2054,n+n+D2+D2+He4+Li6+C12,1,0.001
2055,n+C12+C12+C13,1,0.001
2056,n+n+n+n+n+p+p+p+p+D2+D2+T3+He4+He4+He4,1,0.001
2057,n+n+n+p+D2+He4+He4+He4+B10,1,0.001
2058,pi-+n+n+n+p+p+p+p+p+F20,1,0.001
2059,pi++n+n+n+n+p+p+p+Li7+C12,1,0.001
2060,p+He3+Li10+C12,1,0.001
2061,n+p+He4+C12+Na23,1,0.001
2062,pi-+n+n+n+p+p+He4+He4+He4+C11,1,0.001
2063,n+n+n+n+n+C8+C12,1,0.001
2064,n+n+C12+C12+C12,1,0.001
2065,pi++n+n+p+T3+He4+He4,1,0.001
2066,n+n+n+n+n+p+p+p+p+He4+C13,1,0.001
2067,n+p+p+p+p+C12+C12+C12+Al27,1,0.001
2068,pi++n+n+He4+Li7+C13,1,0.001
2069,p+p+p+Be12,1,0.001
2070,n+n+p+B11+C12+N14,1,0.001
2071,n+p+p+T3+T3+He4+C12+C12+C12,1,0.001
2072,pi++n+n+n+n+n+n+n+n+p+p+p+p+p,1,0.001
2073,p+p+p+p+D2+C12+C12,1,0.001
2074,n+n+p+p+He4+Be7+C12,1,0.001
2075,n+n+p+p+p+T3+He3+He4,1,0.001
2076,n+n+n+p+He4+C13+Ne20,1,0.001
2077,pi-+p+p+B11+Al27,1,0.001
2078,n+p+p+B11+C12+C12+C12+C13,1,0.001
2079,pi-+n+n+n+p+p+p+He4+C12+F18,1,0.001
2080,n+C12+C13,1,0.001
2081,n+n+p+p+D2+B11+C12,1,0.001
2082,n+n+p+D2+He4+He4+Al27+Al27,1,0.001
2083,n+n+n+n+p+p+p+p+p+He3+He4,1,0.001
2084,n+p+D2+He4+Li6+C12+Al27,1,0.001
2085,pi++n+n+B11+C12+C12+C12,1,0.001
2086,n+n+p+p+p+Be9+C12+N15,1,0.001
2087,n+n+p+p+He4+C12+F20,1,0.001
2088,pi-+n+n+p+p+He4+He4+Li6+B10,1,0.001
2089,n+n+p+p+C11+C13,1,0.001
2090,n+n+n+He4+Li6+O15,1,0.001
2091,n+p+p+p+C12+C12+C12+Mg26,1,0.001
2092,pi++n+n+p+p+He4+He6,1,0.001
2093,n+p+D2+Be9+Al27,1,0.001
2094,pi-+p+D2+Mg25,1,0.001
2095,n+n+n+p+p+He4+He4+He4+He4+Li7,1,0.001
2096,n+n+n+n+p+p+p+D2+D2+He3+C12,1,0.001
2097,n+n+p+D2+T3+He4+He4+He4+He4+He4,1,0.001
2098,pi-+n+n+p+He4+B7,1,0.001
2099,n+T3+He3+Li6+C12,1,0.001
2100,p+p+p+B12,1,0.001
2101,pi-+pi++n+n+C11+C12,1,0.001
2102,pi-+n+n+n+p+p+p+D2+Be6+C12,1,0.001
2103,pi-+n+p+D2+T3+Be6,1,0.001
2104,n+n+D2+D2+Li6+O16,1,0.001
2105,n+n+n+n+p+p+p+D2+D2+Be7+B11+C12,1,0.001
2106,n+n+n+n+p+p+D2+D2+He3+C12+C12,1,0.001
2107,pi++n+n+He4+Li7+C12+C12,1,0.001
2108,pi-+n+n+n+n+p+p+p+p+D2+D2+He4+C12,1,0.001
2109,p+He4+Na24,1,0.001
2110,pi++n+p+p+p+Li10,1,0.001
2111,n+n+n+n+p+p+p+p+Be9+B11+C12+C12,1,0.001
2112,pi-+n+p+He3+He4+He4+C12+Al27,1,0.001
2113,n+n+n+n+n+n+p+p+p+p+He4+He4+He4+Li6+C12,1,0.001
2114,n+p+p+He4+Li7+C12+C12+C13,1,0.001
2115,pi++n+n+n+n+p+p+p+T3+T3+C12,1,0.001
2116,pi-+n+n+p+p+He3+Na22,1,0.001
2117,n+n+n+n+n+n+p+p+p+He3+He4+C12,1,0.001
2118,pi-+n+n+p+C11+C12,1,0.001
2119,D2+C12+C12+C12+Al27,1,0.001
2120,n+n+p+p+B11+C13,1,0.001
2121,n+n+D2+T3+He3+He4,1,0.001
2122,n+n+n+n+n+p+p+p+He3+He3+Al27,1,0.001
2123,n+p+p+p+D2+He7+Al27,1,0.001
2124,n+n+n+n+n+p+p+p+Be6,1,0.001
2125,n+n+n+n+n+n+p+p+p+p+p+O17,1,0.001
2126,pi-+n+p+p+He4+Be9+C12,1,0.001
2127,n+D2+T3+Be7,1,0.001
2128,pi-+n+n+p+p+p+p+D2+F20,1,0.001
2129,n+n+p+D2+He4+Li6+C12+C13,1,0.001
2130,pi++n+n+n+n+p+p+p+Li7+C12+C14,1,0.001
2131,n+n+n+n+p+p+p+D2+D2+T3,1,0.001
2132,n+n+n+n+p+p+C9,1,0.001
2133,n+n+n+n+n+p+p+He3+F18,1,0.001
2134,n+n+p+D2+D2+Be7+C12,1,0.001
2135,n+n+n+n+p+Be7+C12+O16,1,0.001
2136,n+n+n+n+p+p+p+p+p+D2+D2+T3+C12,1,0.001
2137,n+p+p+p+He3+Li8+C12,1,0.001
2138,n+n+n+n+n+p+p+D2+D2+D2+He4+C11,1,0.001
2139,p+p+p+p+He9+C12+C12,1,0.001
2140,n+n+n+p+p+p+D2+D2+F19,1,0.001
2141,n+n+n+n+p+p+D2+He4+He4+C12+C12,1,0.001
2142,pi++n+n+n+p+p+p+p+He7,1,0.001
2143,pi-+n+n+p+D2+D2+Na21,1,0.001
2144,n+n+n+n+n+n+p+p+p+p+D2+D2+D2+He4+He4+He4,1,0.001
2145,n+n+p+p+D2+Li8,1,0.001
2146,n+p+p+p+p+He4+He4+He4+C12+C12,1,0.001
2147,n+p+p+D2+Na24,1,0.001
2148,n+n+n+n+p+p+D2+Li6+C12,1,0.001
2149,n+n+n+n+n+p+p+p+D2+D2+He3+He4+Be9,1,0.001
2150,p+p+C12+C12+C12+C12+C12,1,0.001
2151,n+n+p+p+T3+Li6+Al27,1,0.001
2152,pi-+n+n+n+n+p+p+p+p+p+He4+Al27,1,0.001
2153,pi-+n+n+n+n+p+p+p+p+He3+He4+He4+Be9+C12+C12,1,0.001
2154,n+n+n+p+p+p+p+p+He4+He4+C12+C12,1,0.001
2155,pi-+n+p+D2+He3+Li6,1,0.001
2156,pi-+n+n+n+p+p+p+p+T3+C12+F18,1,0.001
2157,pi++n+B12+C12,1,0.001
2158,n+D2+D2+He4+He4+Al27+Al27,1,0.001
2159,n+n+n+n+p+p+p+He4+C12+O17,1,0.001
2160,pi-+n+p+p+p+D2+Li7+C12+C12,1,0.001
2161,pi-+n+p+p+p+T3+He4+O17,1,0.001
2162,pi-+n+p+p+D2+He4+He4+Al27,1,0.001
2163,pi-+n+n+n+p+p+p+D2+D2+He4,1,0.001
2164,n+p+D2+T3+T3+He3,1,0.001
2165,n+n+p+T3+He4+Li4+C12+C12+C12,1,0.001
2166,pi++n+n+n+n+p+D2+D2+He4+C12+C12,1,0.001
2167,pi-+n+p+p+p+D2+He4+He4+C12+C12,1,0.001
2168,n+n+n+n+n+n+n+n+p+p+p+p+p+p+D2+C12,1,0.001
2169,n+n+n+n+p+p+D2+T3+He3,1,0.001
2170,n+n+n+D2+D2+He3+He3+C12,1,0.001
2171,pi++n+n+n+n+p+p+He4+Be9+Be9,1,0.001
2172,pi-+n+n+p+p+D2+He4+He4+He4+B10,1,0.001
2173,n+n+n+p+p+D2+D2+Be9+B10,1,0.001
2174,pi++n+n+n+p+B10+C12+C12,1,0.001
2175,n+n+n+n+n+p+p+p+p+D2+He4+He4+Be9,1,0.001
2176,n+n+n+n+p+p+T3+Li4+C12,1,0.001
2177,pi-+n+n+p+p+He3+Ne21,1,0.001
2178,D2+T3+He4+He4,1,0.001
2179,p+D2+D2+Be9,1,0.001
2180,n+n+n+n+p+p+p+Be7+C12+C12,1,0.001
2181,n+n+n+n+n+n+n+p+p+p+p+p+p+p+T3+T3+He4+He4,1,0.001
2182,n+n+n+He3+He4+Li6+C12+C12,1,0.001
2183,n+n+n+p+T3+He3+He3+Al27,1,0.001
2184,p+Li6+Li7+C12,1,0.001
2185,pi++n+n+n+p+D2+He4+He4+C12,1,0.001
2186,n+n+p+p+D2+T3+He4+He4+C12,1,0.001
2187,n+n+n+n+C9+Al27,1,0.001
2188,pi++n+n+C12+C12+C12,1,0.001
2189,n+n+n+p+p+D2+B10+C12,1,0.001
2190,pi-+p+p+p+p+Be10,1,0.001
2191,pi++n+n+p+p+p+Ne24,1,0.001
2192,pi++n+n+B12,1,0.001
2193,pi++n+n+n+p+p+D2+T3+He4+Al27,1,0.001
2194,n+n+n+p+p+D2+T3+He4+C12+N14,1,0.001
2195,n+n+n+p+D2+Be7+Al27,1,0.001
2196,n+n+n+n+p+p+C11+C12,1,0.001
2197,p+p+p+C12+C12+C12+C12+C12+C12+C12,1,0.001
2198,n+p+p+p+p+D2+H6,1,0.001
2199,n+n+n+n+n+n+p+p+p+p+D2+D2+He4+He4+Li6,1,0.001
2200,n+n+p+p+He4+He6+C12+C12,1,0.001
2201,n+p+p+C12+C12+Mg26,1,0.001
2202,pi++n+p+T3+H4+He4,1,0.001
2203,n+n+n+He3+He4+He4+N14,1,0.001
2204,n+n+n+n+p+p+p+p+D2+D2+D2+C12+C14,1,0.001
2205,pi++n+n+n+n+n+p+He4+He4+C12,1,0.001
2206,pi-+n+n+n+n+p+p+p+p+He3+He3,1,0.001
2207,n+n+n+n+p+p+p+Li6+Al27,1,0.001
2208,p+D2+D2+Li8,1,0.001
2209,n+p+p+p+p+p+He4+He6+C12,1,0.001
2210,n+n+p+D2+Li6+C12+O17,1,0.001
2211,n+n+n+n+n+p+p+He3+Li6+C12,1,0.001
2212,pi++n+n+p+p+D2+T3+H4,1,0.001
2213,pi-+n+n+p+p+p+p+Ne22,1,0.001
2214,p+p+p+p+p+p+p+Al27,1,0.001
2215,pi-+n+p+p+B11+C12,1,0.001
2216,pi++n+n+p+B11+C12+C12,1,0.001
2217,n+n+p+p+D2+He4+He4+Li7+Li7,1,0.001
2218,n+n+n+p+p+T3+Be7+C13,1,0.001
2219,n+n+n+n+n+p+p+p+p+He4+C12+N15+Al27,1,0.001
2220,n+n+p+p+D2+D2+T3+He3,1,0.001
2221,pi++n+n+n+n+p+p+p+He4+He4,1,0.001
2222,n+p+p+D2+T3+T3+He3,1,0.001
2223,n+n+n+n+n+p+p+p+D2+Li6+C12,1,0.001
2224,n+n+p+p+p+D2+D2+D2+T3,1,0.001
2225,n+n+p+p+p+D2+T3+He4+C12+C12+C12,1,0.001
2226,n+n+n+n+p+p+p+p+p+H4+C12,1,0.001
2227,n+n+p+p+D2+Li7+C12+C12,1,0.001
2228,pi++n+n+n+n+n+p+Be7+C12,1,0.001
2229,n+p+p+He4+He4+He4+C12+C12+C12+C12+C12,1,0.001
2230,pi-+n+n+n+n+p+p+p+p+D2+D2+D2+N14,1,0.001
2231,n+n+p+p+D2+D2+D2+He4+C13,1,0.001
2232,p+Al27+Al27,1,0.001
2233,n+p+T3+Na23,1,0.001
2234,n+n+n+p+p+He4+He4+Li6+B10,1,0.001
2235,n+n+n+n+p+p+D2+Li6,1,0.001
2236,n+n+n+n+n+p+p+p+p+He4+N15,1,0.001
2237,n+p+He4+Li7+C12+C12+C12,1,0.001
2238,n+n+n+n+n+n+p+p+p+D2+T3+He3+He4+Be7,1,0.001
2239,n+n+p+p+D2+Ne22,1,0.001
2240,n+n+p+p+T3+T3+He3+C12,1,0.001
2241,n+n+n+n+p+p+p+p+C12+Ne21,1,0.001
2242,n+n+n+p+p+p+He4+He4+C12+C12+Al27,1,0.001
2243,pi++n+n+n+p+D2+D2+He4+N16,1,0.001
2244,pi-+n+p+p+C12+C12+Mg25,1,0.001
2245,n+p+p+p+p+He4+Li7+C12,1,0.001
2246,n+n+n+p+p+p+D2+Be7+C12+C12,1,0.001
2247,n+n+n+n+p+p+p+p+Be7,1,0.001
2248,n+n+n+n+n+n+n+p+p+p+p+D2+He3+He4+He4+He4,1,0.001
2249,n+p+p+D2+D2+He4+He4+C12+C12+C12,1,0.001
2250,n+n+n+p+p+C10,1,0.001
2251,n+n+n+n+p+p+He4+Li7+C11,1,0.001
2252,n+n+n+p+p+p+D2+Li6+C14,1,0.001
2253,pi-+n+n+p+D2+B8,1,0.001
2254,n+n+n+n+Al24,1,0.001
2255,p+p+p+He4+Li8+C12,1,0.001
2256,n+p+p+p+p+Li9,1,0.001
2257,pi-+p+p+p+B11+Al27,1,0.001
2258,n+n+n+p+p+He4+He4+He4+C12,1,0.001
2259,n+n+C12+N14,1,0.001
2260,n+n+n+p+p+p+H4+He4,1,0.001
2261,n+n+n+n+C10,1,0.001
2262,pi++p+D2+D2+He8,1,0.001
2263,n+n+n+p+p+p+p+p+T3+T3+C14,1,0.001
2264,n+n+n+n+n+p+p+p+p+p+O18,1,0.001
2265,n+p+p+p+Be10+C12+C12+C12,1,0.001
2266,n+n+n+n+p+p+p+p+D2+D2+D2,1,0.001
2267,pi++n+n+n+p+p+p+He6+N16,1,0.001
2268,n+n+n+n+p+p+p+p+D2+T3+N15,1,0.001
2269,pi-+n+n+p+p+He4+Li6,1,0.001
2270,p+p+p+p+p+p+p+p,1,0.001
2271,pi-+n+n+n+p+p+p+p+Li6+O16,1,0.001
2272,n+n+n+p+D2+T3+He4+He4+He4+Be7,1,0.001
2273,pi-+n+n+n+p+p+D2+He3+He3+C12,1,0.001
2274,n+n+n+n+n+p+p+p+p+p+D2+He4+He4+Li8,1,0.001
2275,n+n+n+p+p+p+D2+D2+He4+C12+C12,1,0.001
2276,n+n+n+n+p+p+p+p+D2+T3+He4+He4+Li7,1,0.001
2277,pi-+n+n+n+p+He3+He3+He3+C12,1,0.001
2278,n+p+He4+He4+He4+C12+C12+C12+C12,1,0.001
2279,n+n+n+n+p+p+He4+Be7+C12,1,0.001
2280,p+T3+Be9+N15,1,0.001
2281,n+T3+T3+He3+He3,1,0.001
2282,pi-+n+n+p+p+p+p+p+D2+D2+T3+C12,1,0.001
2283,n+n+n+p+p+D2+He4+He4+C12,1,0.001
2284,pi++n+n+B11+Al27,1,0.001
2285,n+n+p+p+p+He4+Li6+C12+C12,1,0.001
2286,pi-+n+n+n+p+p+p+p+D2+D2+T3+He4+B10,1,0.001
2287,pi-+p+p+p+He4+He4+He4,1,0.001
2288,n+n+n+n+p+p+D2+D2+He4+He4+He4+Li6,1,0.001
2289,pi-+n+n+n+p+C10,1,0.001
2290,n+p+p+He4+C12+Na23,1,0.001
2291,pi-+n+n+p+p+p+He4+He4+N15,1,0.001
2292,p+p+p+T3+T3+H4,1,0.001
2293,n+n+n+n+p+p+p+D2+D2+O17,1,0.001
2294,n+n+n+n+n+p+p+p+p+D2+He4+He4+He4+Li6,1,0.001
2295,p+D2+C12+C12+Mg26,1,0.001
2296,pi-+n+n+p+p+D2+He3+He4+C13,1,0.001
2297,n+n+p+p+T3+Li7,1,0.001
2298,n+n+p+p+p+D2+He4+He4+Al27,1,0.001
2299,n+n+n+n+n+n+n+p+p+p+p+p+He4+C12,1,0.001
2300,n+p+p+T3+Be9,1,0.001
2301,n+n+n+n+n+p+p+p+p+Li6+C13,1,0.001
2302,pi-+p+p+D2+D2+Li7+C12,1,0.001
2303,pi++n+p+He4+He7,1,0.001
2304,n+n+n+n+p+p+p+p+T3+Li6+B11,1,0.001
2305,pi-+n+p+p+p+He4+Li6+Al27,1,0.001
2306,pi++n+n+C13,1,0.001
2307,n+n+n+p+p+D2+He4+He4+He4+Be9,1,0.001
2308,n+n+n+n+p+D2+Na21+Al27,1,0.001
2309,n+n+n+p+p+D2+T3+Li6+C12,1,0.001
2310,pi-+n+p+C12+C13,1,0.001
2311,n+n+B10+O16,1,0.001
2312,pi-+pi++n+p+p+B11,1,0.001
2313,n+p+p+p+T3+T3+He4+C12+C12,1,0.001
2314,n+n+p+p+He3+He4+He4+C12+C12,1,0.001
2315,n+n+n+p+p+D2+Be9+C12,1,0.001
2316,pi++n+n+n+n+p+p+Li7+C12+C12,1,0.001
2317,pi-+p+p+D2+D2+He4+He4,1,0.001
2318,n+p+p+p+p+D2+D2+T3+He4,1,0.001
2319,n+n+n+C10+C12+C13,1,0.001
2320,pi-+pi++n+n+n+p+p+p+Li7,1,0.001
2321,n+p+p+p+Li10,1,0.001
2322,n+n+n+p+p+D2+T3+He4+He4+He4+Li6,1,0.001
2323,pi-+n+p+p+p+D2+T3+He4+C12+Al27,1,0.001
2324,pi-+n+n+p+C12+N11,1,0.001
2325,n+n+n+p+He3+Li6+N15,1,0.001
2326,pi++p+D2+Li10,1,0.001
2327,n+n+n+p+C12+C12+C12,1,0.001
2328,n+p+p+p+B11+C12+C12+C12+Al27,1,0.001
2329,n+p+p+B12+C12,1,0.001
2330,p+p+p+p+p+p+p+C12+C12+C12+C12+C12,1,0.001
2331,n+n+n+p+p+p+He4+He4+He4+C12,1,0.001
2332,n+n+n+n+n+n+n+p+p+p+D2+D2+He3+He3+He4+He4,1,0.001
2333,n+n+n+n+B8+O16,1,0.001
2334,pi-+n+n+p+p+p+p+p+D2+D2+He4+N15,1,0.001
2335,n+n+n+p+p+Be9+N14,1,0.001
2336,n+n+p+p+p+p+D2+He4+He4,1,0.001
2337,n+n+n+p+p+p+He4+He4+C12+C13+Al27,1,0.001
2338,pi-+n+n+p+p+p+Li7+O16,1,0.001
2339,pi-+n+n+p+p+p+He4+He4+Al27+Al27,1,0.001
2340,pi-+n+n+p+p+C10+C12+C12,1,0.001
2341,n+n+n+n+He4+Be6,1,0.001
2342,n+n+p+p+p+p+T3+H4+C12+C12,1,0.001
2343,n+n+n+n+p+p+p+D2+T3+He3+C13,1,0.001
2344,n+n+n+p+p+p+D2+T3+He4+He4+Be9+C12,1,0.001
2345,pi-+n+n+n+n+p+p+B8+N14,1,0.001
2346,p+p+p+p+He6+Li6,1,0.001
2347,n+n+n+n+p+p+p+p+D2+He6+C12+C12,1,0.001
2348,n+n+Be7+F19,1,0.001
2349,pi-+n+n+p+p+p+p+T3+He4+C12+C12,1,0.001
2350,pi++n+n+C12+Mg26,1,0.001
2351,pi-+n+n+p+p+p+p+p+T3+T3+C12,1,0.001
2352,n+n+p+p+p+He6+O17,1,0.001
2353,n+n+n+n+n+p+p+p+p+p+T3+He4+B11+C12,1,0.001
2354,n+p+p+B11+C12+C13,1,0.001
2355,n+n+n+p+p+He4+Be9+B10,1,0.001
2356,n+n+n+n+p+p+D2+Be7,1,0.001
2357,p+p+p+p+C12+Al27,1,0.001
2358,pi++n+n+n+n+n+n+p+p+D2+He4+He4+He4+Li6,1,0.001
2359,pi-+pi++n+p+p+Be10+C12+C12,1,0.001
2360,n+n+n+n+n+p+p+p+p+p+D2+N16,1,0.001
2361,pi++n+n+n+n+n+n+p+p+p+p+T3+N15,1,0.001
2362,pi-+pi-+n+p+p+p+Mg24,1,0.001
2363,pi-+p+p+B11+C12+C12+C12+C12+C13,1,0.001
2364,n+p+p+p+B11+C12+C12+C12,1,0.001
2365,pi-+n+n+p+p+p+B11+C12+C12,1,0.001
2366,pi++n+n+n+n+p+p+p+T3+O18,1,0.001
2367,pi++n+n+n+n+p+p+p+D2+H4,1,0.001
2368,n+n+n+n+p+p+p+p+He6,1,0.001
2369,pi-+n+p+p+D2+D2+D2+He4+C12,1,0.001
2370,pi-+n+n+n+n+p+p+p+p+C12+Ne20,1,0.001
2371,pi++n+n+n+n+p+p+T3+He4+C12+C12,1,0.001
2372,pi-+n+n+n+p+p+p+B11+C11,1,0.001
2373,p+p+p+p+p+C12+C12+C12+C12+C12+C12,1,0.001
2374,pi-+n+n+p+p+p+Be9+C12+N14,1,0.001
2375,pi++n+n+n+p+He4+Li6,1,0.001
2376,pi-+n+n+n+p+C9+Al27,1,0.001
2377,n+n+n+n+p+p+p+p+p+D2+T3+T3+T3+He4+He4,1,0.001
2378,n+n+n+n+p+D2+B7+C12,1,0.001
2379,n+n+n+n+n+n+p+p+p+p+D2+He4+C12+Al27,1,0.001
2380,pi-+n+p+p+He4+He4+He4,1,0.001
2381,n+n+n+n+p+p+Li7+O15,1,0.001
2382,pi-+p+C12+C12+C12,1,0.001
2383,n+n+p+p+p+p+p+T3+He3+He4+C12,1,0.001
2384,pi-+n+p+p+p+He4+Li6+C12+C12,1,0.001
2385,pi-+n+n+n+n+p+p+p+Be6+C12,1,0.001
2386,n+n+n+n+p+p+B11+C11,1,0.001
2387,n+n+n+n+n+n+p+p+p+p+p+D2+T3+C12,1,0.001
2388,n+n+n+n+p+p+D2+D2+He3+He4+B11,1,0.001
2389,n+n+n+n+n+p+He3+Li4+C12,1,0.001
2390,n+n+n+n+n+n+n+p+p+He3+F16,1,0.001
2391,e-+n+n+n+n+p+p+p+p+p+O19,1,0.001
2392,n+p+p+He4+Li7+C12+Al27,1,0.001
2393,pi++n+p+B12,1,0.001
2394,n+n+n+n+n+n+p+p+D2+He3+He3+He4+He4+He4,1,0.001
2395,p+p+D2+B11+C12+C12+C12,1,0.001
2396,n+p+p+p+D2+He4+Li6,1,0.001
2397,n+n+p+p+p+B11,1,0.001
2398,n+p+He4+Be9,1,0.001
2399,pi-+n+n+n+p+p+He3+Li6,1,0.001
2400,n+n+n+n+p+p+He3+He4+He4+B11,1,0.001
2401,n+n+n+p+He3+Be7+N15,1,0.001
2402,n+p+D2+T3+T3+He4,1,0.001
2403,pi-+n+n+n+n+p+p+p+C12+Na21,1,0.001
2404,n+n+n+n+p+p+p+D2+T3+He4+He4+He4+He4,1,0.001
2405,n+n+n+p+p+p+T3+He4+N15+Al27,1,0.001
2406,pi++n+n+n+n+n+p+p+D2+He4+C12+C12,1,0.001
2407,n+n+n+n+p+p+T3+He3+O16,1,0.001
2408,p+p+p+He4+He7+Al27,1,0.001
2409,n+n+T3+He4+Be7+C12,1,0.001
2410,pi-+p+p+D2+D2+Li7,1,0.001
2411,n+n+n+p+p+p+T3+Ne20,1,0.001
2412,pi-+n+n+p+p+He3+He3+He4,1,0.001
2413,pi-+n+n+p+p+p+D2+Li6+C12,1,0.001
2414,C12+C12+C12+Al27,1,0.001
2415,n+n+n+n+p+He3+Li6+N14,1,0.001
2416,n+n+p+D2+C12+C12,1,0.001
2417,n+n+n+n+n+p+p+p+p+He4+He4+He4+Li7,1,0.001
2418,n+n+n+p+p+p+T3+He4+He4+C12,1,0.001
2419,n+p+He4+He4+O18,1,0.001
2420,p+D2+Mg26,1,0.001
2421,pi-+n+n+p+p+He3+Be7+C12+C12,1,0.001
2422,n+p+p+D2+T3+T3+He3+C12,1,0.001
2423,n+p+T3+T3+He3+He3,1,0.001
2424,n+n+n+n+p+D2+B10+C11,1,0.001
2425,n+n+p+p+p+C12+Ne23,1,0.001
2426,n+n+n+n+n+p+p+p+He4+He4+Li6+Li6,1,0.001
2427,pi-+n+p+p+p+D2+He4+He4+C14,1,0.001
2428,n+n+n+n+n+p+p+p+D2+He3+C12+Al27,1,0.001
2429,pi-+n+p+C11+C12+Al27,1,0.001
2430,n+n+p+He4+Be7+C12+C12+C12,1,0.001
2431,pi-+n+p+p+He4+He4+C12+O17,1,0.001
2432,pi-+n+n+p+D2+D2+He3+He4,1,0.001
2433,pi-+n+n+n+p+p+C9+C12,1,0.001
2434,pi-+n+n+n+p+p+p+T3+Li4,1,0.001
2435,n+p+p+p+p+T3+He4+He4,1,0.001
2436,pi-+n+n+p+p+T3+He3+F18,1,0.001
2437,pi-+n+n+n+n+p+p+p+p+D2+He4+N14,1,0.001
2438,pi-+n+n+n+p+p+p+p+T3+F18,1,0.001
2439,pi-+n+n+n+n+p+p+p+p+p+F19,1,0.001
2440,pi-+n+p+p+He4+Li6+C12+C12+C12,1,0.001
2441,pi++n+n+n+p+p+Be9+C12,1,0.001
2442,n+n+p+p+p+C12+Mg25,1,0.001
2443,n+n+n+p+p+p+p+p+He6+C14,1,0.001
2444,pi++n+n+n+n+p+He4+He4+C12+C12+C12,1,0.001
2445,n+n+n+n+n+n+p+p+p+p+He4+He4+He4+Li6,1,0.001
2446,pi-+n+n+n+p+p+p+p+Na22,1,0.001
2447,pi-+n+n+n+n+p+p+p+p+p+D2+D2+D2+T3+He3+Li7,1,0.001
2448,n+n+n+n+n+p+p+He3+He3+C12+C12,1,0.001
2449,n+n+n+n+p+p+p+D2+D2+T3+N14,1,0.001
2450,n+n+p+D2+T3+He4+He4+C12,1,0.001
2451,pi-+p+D2+B10+C12,1,0.001
2452,n+n+n+n+p+p+p+p+D2+D2+D2+C12,1,0.001
2453,n+n+n+n+p+D2+Be7+N14,1,0.001
2454,n+n+n+p+p+p+T3+He4+C12+C12+Al27,1,0.001
2455,pi-+n+n+p+p+p+C12+Mg24,1,0.001
2456,n+n+He4+He4+He4+N14,1,0.001
2457,pi++n+n+n+D2+He4+He4+C12+C12,1,0.001
2458,n+n+n+p+D2+D2+D2+He3+C12+C12,1,0.001
2459,n+n+p+p+p+D2+C12+F21,1,0.001
2460,pi-+p+p+D2+D2+He4+He4+C12,1,0.001
2461,n+n+p+p+p+C11,1,0.001
2462,n+p+p+D2+Be9+C12,1,0.001
2463,pi-+n+n+p+p+D2+He4+Li6+C12,1,0.001
2464,p+p+p+p+C13,1,0.001
2465,n+n+n+p+p+p+He4+He4+C12+Al27,1,0.001
2466,n+n+n+n+n+n+p+p+p+p+p+D2+D2+C13,1,0.001
2467,n+p+p+D2+He3+He6+C13,1,0.001
2468,n+n+n+n+n+p+p+p+p+p+He4+N15,1,0.001
2469,n+n+p+p+C12+C12+C12+Na24,1,0.001
2470,n+p+p+p+B11+C12+C12+C12+C12+C12,1,0.001
2471,pi-+p+p+C12+Al27,1,0.001
2472,pi-+n+n+n+p+p+p+p+p+C13+F20,1,0.001
2473,n+n+n+n+p+p+p+p+Li6+C14,1,0.001
2474,n+n+p+D2+He4+He4+C12+C12+C12+Al27,1,0.001
2475,n+n+p+He4+C12+C12+Ne21,1,0.001
2476,n+n+n+n+p+p+p+D2+He4+He4+He4+Li7+C12,1,0.001
2477,n+n+n+p+p+C12+C12+C12+Na23,1,0.001
2478,n+p+p+p+B11+Al27,1,0.001
2479,n+n+n+p+p+D2+T3+He4+N14,1,0.001
2480,pi-+n+n+p+p+p+B11+C12,1,0.001
2481,n+n+n+p+p+D2+He3+He4+Al27,1,0.001
2482,n+n+p+p+He4+He4+C12+N16,1,0.001
2483,n+n+n+n+p+D2+He3+He4+He4+B10,1,0.001
2484,n+n+n+n+p+p+p+Li7+N14,1,0.001
2485,pi++n+p+Be10+N16,1,0.001
2486,n+n+n+n+n+n+p+p+p+p+D2+D2+N14,1,0.001
2487,n+n+n+n+p+p+D2+C12+Na21,1,0.001
2488,n+n+n+p+p+D2+He4+He4+C12+C12,1,0.001
2489,pi-+n+p+p+p+p+H4+He4,1,0.001
2490,pi-+n+n+p+p+p+T3+He4+C12+O16,1,0.001
2491,n+n+n+n+p+p+Be7+N15,1,0.001
2492,pi-+n+n+p+p+T3+Be6,1,0.001
2493,n+p+C12+C12+C12+C12+Al27,1,0.001
2494,n+p+p+p+T3+T3+T3+C12,1,0.001
2495,pi-+n+n+n+p+p+p+D2+D2+He4+N14,1,0.001
2496,pi-+n+n+p+p+He3+Li7,1,0.001
2497,n+D2+D2+D2+He4+He4+He4+Be9,1,0.001
2498,n+p+p+T3+He4+He4+C12+Al27,1,0.001
2499,pi-+n+n+He3+He4+Li4+C12,1,0.001
2500,pi-+n+n+p+C12+C12+Al25,1,0.001
2501,pi++n+n+n+p+He4+Li6+C12,1,0.001
2502,p+p+D2+D2+He7,1,0.001
2503,n+n+n+p+D2+He3+He4+C12+C12+C12,1,0.001
2504,pi-+n+n+n+p+p+p+p+T3+He4,1,0.001
2505,pi-+n+n+p+p+p+p+He4+He4+C12+C12+C12+C12,1,0.001
2506,n+n+p+p+T3+He4+He4+C13,1,0.001
2507,n+n+n+n+p+p+p+p+D2+F19,1,0.001
2508,pi-+n+n+n+D2+C8+C12,1,0.001
2509,n+n+n+D2+He4+Ne19,1,0.001
2510,n+p+p+T3+T3+He4+C12+C12,1,0.001
2511,n+p+p+D2+He4+Li6,1,0.001
2512,p+p+p+p+p+C12+C13,1,0.001
2513,n+p+p+p+p+C12+C12+C12+C12+C12+C12+C12,1,0.001
2514,p+p+p+p+p+Al27,1,0.001
2515,p+p+D2+Be10,1,0.001
2516,pi-+n+p+p+p+T3+Li6+C12,1,0.001
2517,n+n+p+p+p+C11+C12,1,0.001
2518,pi-+n+n+n+p+p+p+p+Li6+C12+C12,1,0.001
2519,p+p+p+He4+He7,1,0.001
2520,n+p+p+p+p+p+C12+C12+C12,1,0.001
2521,n+n+n+n+p+p+He4+F18+Al27,1,0.001
2522,n+n+n+p+p+p+p+p+T3+He4+C12,1,0.001
2523,n+p+B11+C12+C13,1,0.001
2524,pi-+pi++n+n+n+n+p+p+He3+He4,1,0.001
2525,n+n+p+D2+D2+T3+He4+He4+He4+Li6+C12,1,0.001
2526,n+n+n+p+He4+He4+C12+O16,1,0.001
2527,n+n+n+p+p+p+p+Be10+B11,1,0.001
2528,n+p+p+p+p+p+Be10,1,0.001
2529,n+n+n+n+n+p+p+p+D2+He3+C12+C12,1,0.001
2530,n+p+p+p+C12+C12+C12+C12,1,0.001
2531,pi-+n+n+n+p+p+He3+He4+He4+C12,1,0.001
2532,n+n+n+n+p+p+p+p+He4+O17,1,0.001
2533,p+T3+B10,1,0.001
2534,pi++n+n+n+n+p+p+D2+D2+He4+C12,1,0.001
2535,n+n+p+p+p+H4+He4+C13,1,0.001
2536,pi-+n+n+p+p+C12+C12+C12+C12,1,0.001
2537,pi-+n+n+p+p+p+p+T3+He4+N15,1,0.001
2538,n+n+n+p+C11+C12+C13,1,0.001
2539,p+p+Be11+C12,1,0.001
2540,n+n+p+T3+Na22,1,0.001
2541,n+n+n+n+p+p+p+p+D2+D2+He3,1,0.001
2542,pi-+pi++n+p+p+T3+He4+He4+C12,1,0.001
2543,pi++n+n+n+n+p+p+p+T3+He4+C12+C12,1,0.001
2544,pi-+n+p+p+p+Mg25,1,0.001
2545,n+n+p+He4+Be7+C12+Al27,1,0.001
2546,n+n+n+n+n+n+p+p+p+p+He3+N15,1,0.001
2547,n+n+n+p+p+p+Li7+N15,1,0.001
2548,pi++n+n+p+p+Li9+C12,1,0.001
2549,n+p+p+p+p+D2+D2+He6,1,0.001
2550,n+n+n+p+p+p+p+p+T3+He4+C12+C12,1,0.001
2551,n+p+p+p+p+C12+C12+Al27+Al27,1,0.001
2552,n+n+n+He3+He3+He4+C12+C12,1,0.001
2553,n+p+B11+C12+C12+C12+C12,1,0.001
2554,p+D2+T3+H4+He3,1,0.001
2555,pi++n+n+n+n+n+p+p+p+D2+He4,1,0.001
2556,pi-+n+p+D2+He3+Li6+C12,1,0.001
2557,pi-+p+p+p+Be11+C12,1,0.001
2558,pi-+n+n+p+p+p+p+T3+He4+Al27,1,0.001
2559,n+n+n+n+p+D2+D2+He3+He4+He4+He4+He4,1,0.001
2560,n+p+Li7+F19,1,0.001
2561,pi++n+n+p+p+T3+T3+T3+C12,1,0.001
2562,n+n+n+n+p+p+p+p+p+D2+He4+C12+C12,1,0.001
2563,n+n+n+n+n+p+p+p+D2+He3+C12+C12+C12,1,0.001
2564,C12+C12+C12+C12+C12+C12,1,0.001
2565,p+p+D2+C12+Mg26,1,0.001
2566,n+n+n+p+D2+T3+Li4+C12,1,0.001
2567,n+n+B11+O15,1,0.001
2568,n+n+n+p+C10+Al27,1,0.001
2569,n+n+n+n+n+n+p+p+p+He4+He4+C11,1,0.001
2570,pi-+n+n+n+p+p+C11+C12,1,0.001
2571,pi-+n+p+D2+He3+Li7,1,0.001
2572,n+n+p+p+B10+C12+Al27,1,0.001
2573,pi-+n+n+n+p+p+p+p+p+p+H4+C12,1,0.001
2574,n+n+n+p+p+p+p+p+T3+He4+C13,1,0.001
2575,pi++n+n+n+He4+Li6+C12+C12,1,0.001
2576,n+n+n+p+He3+Li6+C12+C12+C12,1,0.001
2577,pi-+n+n+n+p+p+p+p+T3+He3+C12,1,0.001
2578,pi++n+n+n+n+n+n+p+p+p+p+T3+C12,1,0.001
